old_path,new_path,asset_id,status
/wp-content/uploads/2022/08/Afghanistan-Talc-.jpg,/images/gallery/talc-crushing-screening-conveyor-02-1000w.webp,A075,301
/wp-content/uploads/2025/03/DSC05907.jpeg,/images/mining-operations/talc-mine-site-scree-01-card-4x3-1920w.webp,A082,301
/wp-content/uploads/2025/03/DSCN6171.jpeg,/images/mining-operations/geological-survey-rock-face-kurram-01-card-4x3-1920w.webp,A083,301
/wp-content/uploads/2025/03/DSCN6251.jpeg,/images/mining-operations/geological-compass-measurement-01-card-4x3-1920w.webp,A084,301
/wp-content/uploads/2025/03/DSCN6767.jpeg,/images/home/mine-adit-entrance-01-banner-16x9-1920w.webp,A085,301
/wp-content/uploads/2025/03/DSCN6835.jpeg,/images/mining-operations/underground-mine-inspection-01-card-4x3-1920w.webp,A087,301
/wp-content/uploads/2025/03/DSCN7054.jpeg,/images/gallery/talc-lumps-stockpile-05-1440w.webp,A088,301
/wp-content/uploads/2025/03/DSCN7340.jpeg,/images/mining-operations/underground-mine-01-banner-16x9-1920w.webp,A089,301
/wp-content/uploads/2025/03/Group-of-2-Objects-1.png,/images/brand/skz-mining-logo-horizontal-white-01.png,A094,301
/wp-content/uploads/2025/03/Group-of-2-Objects-2.png,/images/brand/skz-mining-logo-horizontal-01.png,A095,301
/wp-content/uploads/2025/03/Group-of-2-Objects.png,/images/brand/skz-mining-logo-horizontal-white-01.png,A094,301
/wp-content/uploads/2025/03/IMG-20250309-WA0086.jpeg,/images/about/team-mine-site-safety-gear-01-portrait-4x5-1010w.webp,A098,301
/wp-content/uploads/2025/03/IMG-20250309-WA0088.jpeg,/images/mining-operations/talc-lumps-quality-inspection-02-card-4x3-1024w.webp,A099,301
/wp-content/uploads/2025/03/IMG-20250320-WA0190.jpeg,/images/about/team-mine-site-safety-gear-01-portrait-4x5-1010w.webp,A098,301
/wp-content/uploads/2025/03/IMG-20250320-WA0212.jpeg,/images/mining-operations/talc-lumps-hand-sorting-02-banner-16x9-986w.webp,A102,301
/wp-content/uploads/2025/03/IMG-20250321-WA0008.jpeg,/images/home/mine-site-01-card-4x3-709w.webp,A105,301
/wp-content/uploads/2025/03/IMG-20250321-WA0018.jpeg,/images/gallery/jumbo-bags-container-loading-04-720w.webp,A106,301
/wp-content/uploads/2025/03/Untitled-500-x-600-px-1.jpeg,/images/mining-operations/plant-workers-safety-uniforms-01-portrait-4x5-480w.webp,A196,301
/wp-content/uploads/2025/03/Untitled-500-x-600-px-600-x-531-px.jpeg,/images/gallery/jumbo-bags-container-loading-05-896w.webp,A256,301
/wp-content/uploads/2025/03/Untitled-500-x-600-px.jpeg,/images/mining-operations/micronizing-classifier-01-portrait-4x5-480w.webp,A201,301
/wp-content/uploads/2025/03/Untitled-500-x-600-px1-1.jpeg,/images/mining-operations/grinding-mill-maintenance-01-portrait-4x5-480w.webp,A202,301
/wp-content/uploads/2025/03/Untitled-500-x-600-px1-2.jpeg,/images/mining-operations/grinding-mill-maintenance-01-portrait-4x5-480w.webp,A202,301
/wp-content/uploads/2025/03/Untitled-500-x-600-px1.jpeg,/images/home/talc-powder-25kg-bag-skz-01-portrait-4x5-480w.webp,A204,301
/wp-content/uploads/2025/03/Untitled-500-x-600-px10.jpeg,/images/mining-operations/jumbo-bag-filling-01-portrait-4x5-480w.webp,A205,301
/wp-content/uploads/2025/03/Untitled-500-x-600-px11.jpeg,/images/about/skz-mining-office-peshawar-01-portrait-4x5-1280w.webp,A056,301
/wp-content/uploads/2025/03/Untitled-500-x-600-px12.jpeg,/images/gallery/cyclone-separator-01-480w.webp,A207,301
/wp-content/uploads/2025/03/Untitled-500-x-600-px13.jpeg,/images/gallery/processing-equipment-01-480w.webp,A208,301
/wp-content/uploads/2025/03/Untitled-500-x-600-px17.jpeg,/images/mining-operations/grinding-mill-01-portrait-4x5-480w.webp,A212,301
/wp-content/uploads/2025/03/Untitled-500-x-600-px18.jpeg,/images/talc/talc-powder-bags-stacked-skz-01-portrait-4x5-480w.webp,A213,301
/wp-content/uploads/2025/03/Untitled-500-x-600-px19.jpeg,/images/about/skz-mining-office-peshawar-manager-01-card-4x3-1280w.webp,A074,301
/wp-content/uploads/2025/03/Untitled-500-x-600-px2-1.jpeg,/images/mining-operations/talc-powder-bagging-line-01-portrait-4x5-480w.webp,A215,301
/wp-content/uploads/2025/03/Untitled-500-x-600-px2.jpeg,/images/gallery/jumbo-bags-handling-loader-01-480w.webp,A216,301
/wp-content/uploads/2025/03/Untitled-500-x-600-px4.jpeg,/images/gallery/cyclone-separator-02-480w.webp,A218,301
/wp-content/uploads/2025/03/Untitled-500-x-600-px5.jpeg,/images/about/technical-team-plant-visit-01-portrait-4x5-480w.webp,A219,301
/wp-content/uploads/2025/03/Untitled-500-x-600-px6.jpeg,/images/gallery/technical-team-stockyard-01-480w.webp,A220,301
/wp-content/uploads/2025/03/Untitled-500-x-600-px7.jpeg,/images/mining-operations/grinding-mill-dust-collector-01-portrait-4x5-480w.webp,A026,301
/wp-content/uploads/2025/03/Untitled-500-x-600-px8.jpeg,/images/mining-operations/grinding-mill-02-portrait-4x5-480w.webp,A222,301
/wp-content/uploads/2025/03/Untitled-500-x-600-px9.jpeg,/images/gallery/grinding-mill-03-480w.webp,A223,301
/wp-content/uploads/2025/03/Untitled-design-1-1.png,/images/home/mine-site-01-card-4x3-709w.webp,A105,301
/wp-content/uploads/2025/03/Untitled-design-10.png,/images/mining-operations/underground-mine-04-portrait-4x5-480w.webp,A227,301
/wp-content/uploads/2025/03/Untitled-design-12.png,/images/gallery/mine-site-03-731w.webp,A296,301
/wp-content/uploads/2025/03/Untitled-design-14.png,/images/gallery/processing-plant-machinery-01-480w.webp,A231,301
/wp-content/uploads/2025/03/Untitled-design-15.png,/images/about/japanese-technical-experts-site-visit-01-portrait-4x5-480w.webp,A232,301
/wp-content/uploads/2025/03/Untitled-design-16.png,/images/quality/quality-testing-laboratory-02-portrait-4x5-480w.webp,A233,301
/wp-content/uploads/2025/03/Untitled-design-17.png,/images/gallery/processing-plant-machinery-02-480w.webp,A234,301
/wp-content/uploads/2025/03/Untitled-design-2-1.png,/images/mining-operations/geologist-field-survey-kurram-01-card-4x3-1440w.webp,A142,301
/wp-content/uploads/2025/03/Untitled-design-2.jpeg,/images/logistics/jumbo-bags-storage-yard-01-banner-16x9-1024w.webp,A011,301
/wp-content/uploads/2025/03/Untitled-design-23.png,/images/gallery/talc-lumps-hand-sorting-03-480w.webp,A243,301
/wp-content/uploads/2025/03/Untitled-design-3-1.png,/images/mining-operations/underground-mine-inspection-01-card-4x3-1920w.webp,A087,301
/wp-content/uploads/2025/03/Untitled-design-4.png,/images/logistics/jumbo-bags-warehouse-storage-01-card-4x3-600w.webp,A260,301
/wp-content/uploads/2025/03/Untitled-design-5.png,/images/gallery/talc-lumps-hand-sorting-04-600w.webp,A262,301
/wp-content/uploads/2025/03/Untitled-design-6.png,/images/mining-operations/grinding-mill-talc-powder-bags-01-card-4x3-740w.webp,A297,301
/wp-content/uploads/2025/03/Untitled-design-7.png,/images/mining-operations/skz-mining-mesh-plant-signage-peshawar-01-card-4x3-755w.webp,A298,301
/wp-content/uploads/2025/03/Untitled-design-8.png,/images/logistics/talc-lumps-stockyard-truck-loading-01-card-4x3-745w.webp,A294,301
/wp-content/uploads/2025/03/Untitled-design-9.png,/images/gallery/mine-site-02-480w.webp,A253,301
/wp-content/uploads/2025/03/Untitled-design1.jpeg,/images/about/manager-stockyard-01-portrait-4x5-960w.webp,A117,301
/wp-content/uploads/2025/03/WhatsApp-Image-2025-03-20-at-21.48.24_931e2f80-e1742978517899.jpg,/images/gallery/jumbo-bags-container-loading-05-896w.webp,A256,301
/wp-content/uploads/2025/03/admin-ajax-1-e1742453771785.png,/images/logistics/jumbo-bags-warehouse-storage-01-card-4x3-600w.webp,A260,301
/wp-content/uploads/2025/03/admin-ajax.png,/images/gallery/talc-lumps-hand-sorting-04-600w.webp,A262,301
/wp-content/uploads/2025/03/four-color.png,/images/talc/talc-lumps-colour-grades-01-886w.webp,A270,301
/wp-content/uploads/2025/03/lab-1.png,/images/quality/quality-testing-laboratory-03-card-4x3-600w.webp,A272,301
/wp-content/uploads/2025/03/lab-2.png,/images/quality/quality-control-laboratory-01-card-4x3-597w.webp,A273,301
/wp-content/uploads/2025/03/persons.png,/images/about/japanese-technical-experts-site-visit-02-card-4x3-915w.webp,A280,301
/wp-content/uploads/2025/03/skz-jkl.png,/images/affiliation/skz-mining-company-structure-chart-01-1024w.webp,A292,301
/wp-content/uploads/2025/03/skz-p-2.png,/images/logistics/talc-lumps-stockyard-truck-loading-01-card-4x3-745w.webp,A294,301
/wp-content/uploads/2025/03/skz-pd-1.png,/images/talc/talc-lumps-close-up-08-card-1x1-395w.webp,A295,301
/wp-content/uploads/2025/03/skz-po-e1742977327332.png,/images/gallery/mine-site-03-731w.webp,A296,301
/wp-content/uploads/2025/03/skz-ss-po-1-e1742453421882.png,/images/mining-operations/grinding-mill-talc-powder-bags-01-card-4x3-740w.webp,A297,301
/wp-content/uploads/2025/03/skz-ss-po-2.png,/images/mining-operations/skz-mining-mesh-plant-signage-peshawar-01-card-4x3-755w.webp,A298,301
/wp-content/uploads/2025/03/supply-chain-1-removebg-preview.png,/images/affiliation/talc-supply-chain-diagram-01-623w.webp,A305,301
/wp-content/uploads/2025/03/supply-chain-2-removebg-preview.png,/images/affiliation/talc-supply-chain-diagram-02-403w.webp,A306,301
/wp-content/uploads/2025/03/tyes-talc.png,/images/talc/talc-origins-diagram-01-582w.webp,A317,301
/wp-content/uploads/2025/04/Aamir-Gulzar-Peshawar-Manager.jpg,/images/about/skz-mining-office-peshawar-manager-01-card-4x3-1280w.webp,A074,301
/wp-content/uploads/2025/04/Amin-ullah-baig.jpg,/images/about/director-rock-face-inspection-01-card-4x3-768w.webp,A076,301
/wp-content/uploads/2025/04/Imtaiz-Ahmed.jpg,/images/quality/quality-testing-laboratory-01-portrait-4x5-1200w.webp,A114,301
/wp-content/uploads/2025/04/Mohammed-Hussain.jpg,/images/about/manager-stockyard-01-portrait-4x5-960w.webp,A117,301
/wp-content/uploads/2025/05/1.-Upper-Dar-mine-Lower-Dar-south-Mine.jpg,/images/home/open-pit-mine-excavator-01-desktop-21x9-1920w.webp,A001,301
/wp-content/uploads/2025/05/P3030180.jpg,/images/mining-operations/underground-mine-02-card-4x3-1707w.webp,A118,301
/wp-content/uploads/2025/05/P3030185.jpg,/images/gallery/underground-mine-03-1440w.webp,A119,301
/wp-content/uploads/2025/05/P3030213.jpg,/images/home/underground-mine-chamber-01-banner-16x9-1920w.webp,A120,301
/wp-content/uploads/2025/05/SKZ-Mining-13.jpg,/images/mining-operations/talc-mine-site-scree-01-card-4x3-1920w.webp,A082,301
/wp-content/uploads/2025/05/SKZ-Mining-14.jpg,/images/mining-operations/geological-survey-rock-face-kurram-01-card-4x3-1920w.webp,A083,301
/wp-content/uploads/2025/05/SKZ-Mining-15.jpg,/images/home/mine-adit-entrance-01-banner-16x9-1920w.webp,A085,301
/wp-content/uploads/2025/05/SKZ-Mining-17.jpg,/images/mining-operations/underground-mine-survey-01-card-4x3-1440w.webp,A137,301
/wp-content/uploads/2025/05/SKZ-Mining-18.jpg,/images/gallery/underground-mine-inspection-02-1440w.webp,A138,301
/wp-content/uploads/2025/05/SKZ-Mining-19.jpg,/images/mining-operations/field-exploration-team-01-card-4x3-1440w.webp,A139,301
/wp-content/uploads/2025/05/SKZ-Mining-20.jpg,/images/gallery/talc-lumps-close-up-07-1440w.webp,A141,301
/wp-content/uploads/2025/05/SKZ-Mining-21.jpg,/images/mining-operations/geologist-field-survey-kurram-01-card-4x3-1440w.webp,A142,301
/wp-content/uploads/2025/05/SKZ-Mining-22.jpg,/images/mining-operations/underground-mine-01-banner-16x9-1920w.webp,A089,301
/wp-content/uploads/2025/05/SKZ-Mining-43.jpg,/images/mining-operations/talc-lumps-field-sample-01-portrait-4x5-683w.webp,A166,301
/wp-content/uploads/2025/05/WhatsApp-Image-2025-05-03-at-14.02.39_a8d697e9.jpg,/images/about/japanese-expert-field-visit-01-card-4x3-1920w.webp,A257,301
/wp-content/uploads/2025/05/WhatsApp-Image-2025-05-03-at-14.07.20_2f6e46ab.jpg,/images/gallery/japanese-expert-field-visit-02-618w.webp,A258,301
/wp-content/uploads/2025/05/WhatsApp-Image-2025-05-03-at-14.07.24_19a03610.jpg,/images/gallery/japanese-expert-field-visit-02-618w.webp,A258,301
/wp-content/uploads/2025/06/1.png,/images/brand/paktalc-logo-horizontal-01.png,A122,301
/wp-content/uploads/2025/06/2.png,/images/brand/paktalc-logo-stacked-01.png,A123,301
/wp-content/uploads/2025/06/PakTalc-Logo-f-green-1.png,/images/brand/paktalc-logo-horizontal-01.png,A122,301
/wp-content/uploads/2025/06/PakTalc-Logo-f-green.png,/images/brand/paktalc-logo-horizontal-01.png,A122,301
/wp-content/uploads/2025/06/PakTalc-Logo-final-png.png,/images/brand/paktalc-logo-stacked-01.png,A123,301
/wp-content/uploads/2025/06/PakTalc-Logo-icon.png,/images/brand/paktalc-logo-icon-01.png,A124,301
/wp-content/uploads/2025/06/cropped-PakTalc-Logo-final-png.png,/images/brand/paktalc-favicon-01.png,A264,301
/wp-content/uploads/2025/06/cropped-PakTalc-Logo-icon.png,/images/brand/paktalc-favicon-icon-01.png,A265,301
/wp-content/uploads/2025/06/talc-table_0321.jpg,/images/mining-operations/talc-lumps-hand-sorting-02-banner-16x9-986w.webp,A102,301
