page,section,slot,asset_id,library_file,variant,width,height,largest_webp,srcset_webp,srcset_avif,alt,caption,loading,fetchpriority,reuses_slot,review_flag
home,hero,hero-main,A001,open-pit-mine-excavator-01.jpg,desktop-21x9,1920,823,/images/home/open-pit-mine-excavator-01-desktop-21x9-1920w.webp,"/images/home/open-pit-mine-excavator-01-desktop-21x9-480w.webp 480w, /images/home/open-pit-mine-excavator-01-desktop-21x9-768w.webp 768w, /images/home/open-pit-mine-excavator-01-desktop-21x9-1024w.webp 1024w, /images/home/open-pit-mine-excavator-01-desktop-21x9-1440w.webp 1440w, /images/home/open-pit-mine-excavator-01-desktop-21x9-1920w.webp 1920w","/images/home/open-pit-mine-excavator-01-desktop-21x9-480w.avif 480w, /images/home/open-pit-mine-excavator-01-desktop-21x9-768w.avif 768w, /images/home/open-pit-mine-excavator-01-desktop-21x9-1024w.avif 1024w, /images/home/open-pit-mine-excavator-01-desktop-21x9-1440w.avif 1440w, /images/home/open-pit-mine-excavator-01-desktop-21x9-1920w.avif 1920w",Excavator and truck working on the terraced benches of an open-pit mine in arid mountains.,Open-pit extraction benches at a mountain mine site.,eager,high,,
home,hero,hero-main,A001,open-pit-mine-excavator-01.jpg,mobile-4x5,1024,1280,/images/home/open-pit-mine-excavator-01-mobile-4x5-1024w.webp,"/images/home/open-pit-mine-excavator-01-mobile-4x5-480w.webp 480w, /images/home/open-pit-mine-excavator-01-mobile-4x5-768w.webp 768w, /images/home/open-pit-mine-excavator-01-mobile-4x5-1024w.webp 1024w","/images/home/open-pit-mine-excavator-01-mobile-4x5-480w.avif 480w, /images/home/open-pit-mine-excavator-01-mobile-4x5-768w.avif 768w, /images/home/open-pit-mine-excavator-01-mobile-4x5-1024w.avif 1024w",Excavator and truck working on the terraced benches of an open-pit mine in arid mountains.,Open-pit extraction benches at a mountain mine site.,eager,high,,
home,hero,hero-alt-slide,A085,mine-adit-entrance-01.jpg,banner-16x9,1920,1080,/images/home/mine-adit-entrance-01-banner-16x9-1920w.webp,"/images/home/mine-adit-entrance-01-banner-16x9-480w.webp 480w, /images/home/mine-adit-entrance-01-banner-16x9-768w.webp 768w, /images/home/mine-adit-entrance-01-banner-16x9-1024w.webp 1024w, /images/home/mine-adit-entrance-01-banner-16x9-1440w.webp 1440w, /images/home/mine-adit-entrance-01-banner-16x9-1920w.webp 1920w","/images/home/mine-adit-entrance-01-banner-16x9-480w.avif 480w, /images/home/mine-adit-entrance-01-banner-16x9-768w.avif 768w, /images/home/mine-adit-entrance-01-banner-16x9-1024w.avif 1024w, /images/home/mine-adit-entrance-01-banner-16x9-1440w.avif 1440w, /images/home/mine-adit-entrance-01-banner-16x9-1920w.avif 1920w",Men gathered at the entrance of an adit cut into a white rock cliff among pine trees.,Entrance to an underground working in a white rock cliff.,lazy,,,people - consent
home,hero,hero-alt-slide,A085,mine-adit-entrance-01.jpg,mobile-4x5,1920,2400,/images/home/mine-adit-entrance-01-mobile-4x5-1920w.webp,"/images/home/mine-adit-entrance-01-mobile-4x5-480w.webp 480w, /images/home/mine-adit-entrance-01-mobile-4x5-768w.webp 768w, /images/home/mine-adit-entrance-01-mobile-4x5-1024w.webp 1024w, /images/home/mine-adit-entrance-01-mobile-4x5-1440w.webp 1440w, /images/home/mine-adit-entrance-01-mobile-4x5-1920w.webp 1920w","/images/home/mine-adit-entrance-01-mobile-4x5-480w.avif 480w, /images/home/mine-adit-entrance-01-mobile-4x5-768w.avif 768w, /images/home/mine-adit-entrance-01-mobile-4x5-1024w.avif 1024w, /images/home/mine-adit-entrance-01-mobile-4x5-1440w.avif 1440w, /images/home/mine-adit-entrance-01-mobile-4x5-1920w.avif 1920w",Men gathered at the entrance of an adit cut into a white rock cliff among pine trees.,Entrance to an underground working in a white rock cliff.,lazy,,,people - consent
home,why-paktalc,why-card-quality,A063,talc-lumps-close-up-01.jpg,card-1x1,960,960,/images/home/talc-lumps-close-up-01-card-1x1-960w.webp,"/images/home/talc-lumps-close-up-01-card-1x1-480w.webp 480w, /images/home/talc-lumps-close-up-01-card-1x1-768w.webp 768w, /images/home/talc-lumps-close-up-01-card-1x1-960w.webp 960w","/images/home/talc-lumps-close-up-01-card-1x1-480w.avif 480w, /images/home/talc-lumps-close-up-01-card-1x1-768w.avif 768w, /images/home/talc-lumps-close-up-01-card-1x1-960w.avif 960w",White talc lumps arranged on a black background.,,lazy,,,
home,why-paktalc,why-card-quality,A063,talc-lumps-close-up-01.jpg,card-4x3,960,720,/images/home/talc-lumps-close-up-01-card-4x3-960w.webp,"/images/home/talc-lumps-close-up-01-card-4x3-480w.webp 480w, /images/home/talc-lumps-close-up-01-card-4x3-768w.webp 768w, /images/home/talc-lumps-close-up-01-card-4x3-960w.webp 960w","/images/home/talc-lumps-close-up-01-card-4x3-480w.avif 480w, /images/home/talc-lumps-close-up-01-card-4x3-768w.avif 768w, /images/home/talc-lumps-close-up-01-card-4x3-960w.avif 960w",White talc lumps arranged on a black background.,,lazy,,,
home,featured-products,product-card-talc-lumps,A316,talc-lumps-close-up-02.jpg,card-1x1,738,738,/images/home/talc-lumps-close-up-02-card-1x1-738w.webp,"/images/home/talc-lumps-close-up-02-card-1x1-480w.webp 480w, /images/home/talc-lumps-close-up-02-card-1x1-738w.webp 738w","/images/home/talc-lumps-close-up-02-card-1x1-480w.avif 480w, /images/home/talc-lumps-close-up-02-card-1x1-738w.avif 738w",Close-up of white talc lumps.,,lazy,,,
home,featured-products,product-card-talc-lumps,A316,talc-lumps-close-up-02.jpg,card-4x3,984,738,/images/home/talc-lumps-close-up-02-card-4x3-984w.webp,"/images/home/talc-lumps-close-up-02-card-4x3-480w.webp 480w, /images/home/talc-lumps-close-up-02-card-4x3-768w.webp 768w, /images/home/talc-lumps-close-up-02-card-4x3-984w.webp 984w","/images/home/talc-lumps-close-up-02-card-4x3-480w.avif 480w, /images/home/talc-lumps-close-up-02-card-4x3-768w.avif 768w, /images/home/talc-lumps-close-up-02-card-4x3-984w.avif 984w",Close-up of white talc lumps.,,lazy,,,
home,featured-products,product-card-talc-powder,A204,talc-powder-25kg-bag-skz-01.jpg,portrait-4x5,480,600,/images/home/talc-powder-25kg-bag-skz-01-portrait-4x5-480w.webp,/images/home/talc-powder-25kg-bag-skz-01-portrait-4x5-480w.webp 480w,/images/home/talc-powder-25kg-bag-skz-01-portrait-4x5-480w.avif 480w,25 kg SKZ Soap Stone / Talc Powder bag with product label.,Talc powder packed in 25 kg bags.,lazy,,,
home,mining-operations-teaser,mining-teaser,A120,underground-mine-chamber-01.jpg,banner-16x9,1920,1080,/images/home/underground-mine-chamber-01-banner-16x9-1920w.webp,"/images/home/underground-mine-chamber-01-banner-16x9-480w.webp 480w, /images/home/underground-mine-chamber-01-banner-16x9-768w.webp 768w, /images/home/underground-mine-chamber-01-banner-16x9-1024w.webp 1024w, /images/home/underground-mine-chamber-01-banner-16x9-1440w.webp 1440w, /images/home/underground-mine-chamber-01-banner-16x9-1920w.webp 1920w","/images/home/underground-mine-chamber-01-banner-16x9-480w.avif 480w, /images/home/underground-mine-chamber-01-banner-16x9-768w.avif 768w, /images/home/underground-mine-chamber-01-banner-16x9-1024w.avif 1024w, /images/home/underground-mine-chamber-01-banner-16x9-1440w.avif 1440w, /images/home/underground-mine-chamber-01-banner-16x9-1920w.avif 1920w","Two workers inside a large underground chamber floored with broken white rock, with a blue drum and hoses.",Underground extraction chamber.,lazy,,,people - consent
home,mining-operations-teaser,mining-teaser,A120,underground-mine-chamber-01.jpg,mobile-4x5,1024,1280,/images/home/underground-mine-chamber-01-mobile-4x5-1024w.webp,"/images/home/underground-mine-chamber-01-mobile-4x5-480w.webp 480w, /images/home/underground-mine-chamber-01-mobile-4x5-768w.webp 768w, /images/home/underground-mine-chamber-01-mobile-4x5-1024w.webp 1024w","/images/home/underground-mine-chamber-01-mobile-4x5-480w.avif 480w, /images/home/underground-mine-chamber-01-mobile-4x5-768w.avif 768w, /images/home/underground-mine-chamber-01-mobile-4x5-1024w.avif 1024w","Two workers inside a large underground chamber floored with broken white rock, with a blue drum and hoses.",Underground extraction chamber.,lazy,,,people - consent
home,sustainability-teaser,sustainability-teaser,A105,mine-site-01.jpg,card-4x3,709,532,/images/home/mine-site-01-card-4x3-709w.webp,"/images/home/mine-site-01-card-4x3-480w.webp 480w, /images/home/mine-site-01-card-4x3-709w.webp 709w","/images/home/mine-site-01-card-4x3-480w.avif 480w, /images/home/mine-site-01-card-4x3-709w.avif 709w","Hillside mine site with waste dumps, a chute and a small shed among green vegetation.",,lazy,,,
home,global-export,export-teaser,A064,jumbo-bags-container-loading-02.jpg,portrait-4x5,900,1125,/images/home/jumbo-bags-container-loading-02-portrait-4x5-900w.webp,"/images/home/jumbo-bags-container-loading-02-portrait-4x5-480w.webp 480w, /images/home/jumbo-bags-container-loading-02-portrait-4x5-768w.webp 768w, /images/home/jumbo-bags-container-loading-02-portrait-4x5-900w.webp 900w","/images/home/jumbo-bags-container-loading-02-portrait-4x5-480w.avif 480w, /images/home/jumbo-bags-container-loading-02-portrait-4x5-768w.avif 768w, /images/home/jumbo-bags-container-loading-02-portrait-4x5-900w.avif 900w",White jumbo bags stacked inside a blue shipping container.,Container loaded with bulk bags.,lazy,,,
talc,hero,talc-hero,A040,talc-lumps-stockpile-02.jpg,banner-16x9,1920,1080,/images/talc/talc-lumps-stockpile-02-banner-16x9-1920w.webp,"/images/talc/talc-lumps-stockpile-02-banner-16x9-480w.webp 480w, /images/talc/talc-lumps-stockpile-02-banner-16x9-768w.webp 768w, /images/talc/talc-lumps-stockpile-02-banner-16x9-1024w.webp 1024w, /images/talc/talc-lumps-stockpile-02-banner-16x9-1440w.webp 1440w, /images/talc/talc-lumps-stockpile-02-banner-16x9-1920w.webp 1920w","/images/talc/talc-lumps-stockpile-02-banner-16x9-480w.avif 480w, /images/talc/talc-lumps-stockpile-02-banner-16x9-768w.avif 768w, /images/talc/talc-lumps-stockpile-02-banner-16x9-1024w.avif 1024w, /images/talc/talc-lumps-stockpile-02-banner-16x9-1440w.avif 1440w, /images/talc/talc-lumps-stockpile-02-banner-16x9-1920w.avif 1920w","Men working on a stockpile of white talc lumps, one carrying a sack, with a truck behind.",,eager,high,,people - consent
talc,hero,talc-hero,A040,talc-lumps-stockpile-02.jpg,mobile-4x5,1229,1536,/images/talc/talc-lumps-stockpile-02-mobile-4x5-1229w.webp,"/images/talc/talc-lumps-stockpile-02-mobile-4x5-480w.webp 480w, /images/talc/talc-lumps-stockpile-02-mobile-4x5-768w.webp 768w, /images/talc/talc-lumps-stockpile-02-mobile-4x5-1024w.webp 1024w, /images/talc/talc-lumps-stockpile-02-mobile-4x5-1229w.webp 1229w","/images/talc/talc-lumps-stockpile-02-mobile-4x5-480w.avif 480w, /images/talc/talc-lumps-stockpile-02-mobile-4x5-768w.avif 768w, /images/talc/talc-lumps-stockpile-02-mobile-4x5-1024w.avif 1024w, /images/talc/talc-lumps-stockpile-02-mobile-4x5-1229w.avif 1229w","Men working on a stockpile of white talc lumps, one carrying a sack, with a truck behind.",,eager,high,,people - consent
talc,talc-lumps,talc-lumps-main,A070,talc-lumps-close-up-06.jpg,card-1x1,756,756,/images/talc/talc-lumps-close-up-06-card-1x1-756w.webp,"/images/talc/talc-lumps-close-up-06-card-1x1-480w.webp 480w, /images/talc/talc-lumps-close-up-06-card-1x1-756w.webp 756w","/images/talc/talc-lumps-close-up-06-card-1x1-480w.avif 480w, /images/talc/talc-lumps-close-up-06-card-1x1-756w.avif 756w","Close-up of white foliated talc lumps showing flat, layered plates.",Foliated structure typical of talc.,lazy,,,
talc,talc-lumps,talc-lumps-main,A070,talc-lumps-close-up-06.jpg,card-4x3,1008,756,/images/talc/talc-lumps-close-up-06-card-4x3-1008w.webp,"/images/talc/talc-lumps-close-up-06-card-4x3-480w.webp 480w, /images/talc/talc-lumps-close-up-06-card-4x3-768w.webp 768w, /images/talc/talc-lumps-close-up-06-card-4x3-1008w.webp 1008w","/images/talc/talc-lumps-close-up-06-card-4x3-480w.avif 480w, /images/talc/talc-lumps-close-up-06-card-4x3-768w.avif 768w, /images/talc/talc-lumps-close-up-06-card-4x3-1008w.avif 1008w","Close-up of white foliated talc lumps showing flat, layered plates.",Foliated structure typical of talc.,lazy,,,
talc,talc-lumps,talc-lumps-alt-1,A025,talc-lumps-close-up-04.jpg,card-1x1,768,768,/images/talc/talc-lumps-close-up-04-card-1x1-768w.webp,"/images/talc/talc-lumps-close-up-04-card-1x1-480w.webp 480w, /images/talc/talc-lumps-close-up-04-card-1x1-768w.webp 768w","/images/talc/talc-lumps-close-up-04-card-1x1-480w.avif 480w, /images/talc/talc-lumps-close-up-04-card-1x1-768w.avif 768w",Full-frame view of flaky white talc lumps.,,lazy,,,
talc,talc-lumps,talc-lumps-alt-1,A025,talc-lumps-close-up-04.jpg,card-4x3,1024,768,/images/talc/talc-lumps-close-up-04-card-4x3-1024w.webp,"/images/talc/talc-lumps-close-up-04-card-4x3-480w.webp 480w, /images/talc/talc-lumps-close-up-04-card-4x3-768w.webp 768w, /images/talc/talc-lumps-close-up-04-card-4x3-1024w.webp 1024w","/images/talc/talc-lumps-close-up-04-card-4x3-480w.avif 480w, /images/talc/talc-lumps-close-up-04-card-4x3-768w.avif 768w, /images/talc/talc-lumps-close-up-04-card-4x3-1024w.avif 1024w",Full-frame view of flaky white talc lumps.,,lazy,,,
talc,talc-lumps,talc-lumps-alt-2,A013,talc-lumps-close-up-03.jpg,card-1x1,960,960,/images/talc/talc-lumps-close-up-03-card-1x1-960w.webp,"/images/talc/talc-lumps-close-up-03-card-1x1-480w.webp 480w, /images/talc/talc-lumps-close-up-03-card-1x1-768w.webp 768w, /images/talc/talc-lumps-close-up-03-card-1x1-960w.webp 960w","/images/talc/talc-lumps-close-up-03-card-1x1-480w.avif 480w, /images/talc/talc-lumps-close-up-03-card-1x1-768w.avif 768w, /images/talc/talc-lumps-close-up-03-card-1x1-960w.avif 960w","Close-up of pale, slightly translucent talc lumps.",,lazy,,,
talc,talc-lumps,talc-lumps-alt-2,A013,talc-lumps-close-up-03.jpg,card-4x3,960,720,/images/talc/talc-lumps-close-up-03-card-4x3-960w.webp,"/images/talc/talc-lumps-close-up-03-card-4x3-480w.webp 480w, /images/talc/talc-lumps-close-up-03-card-4x3-768w.webp 768w, /images/talc/talc-lumps-close-up-03-card-4x3-960w.webp 960w","/images/talc/talc-lumps-close-up-03-card-4x3-480w.avif 480w, /images/talc/talc-lumps-close-up-03-card-4x3-768w.avif 768w, /images/talc/talc-lumps-close-up-03-card-4x3-960w.avif 960w","Close-up of pale, slightly translucent talc lumps.",,lazy,,,
talc,talc-lumps,talc-lumps-alt-3,A295,talc-lumps-close-up-08.png,card-1x1,395,395,/images/talc/talc-lumps-close-up-08-card-1x1-395w.webp,/images/talc/talc-lumps-close-up-08-card-1x1-395w.webp 395w,/images/talc/talc-lumps-close-up-08-card-1x1-395w.avif 395w,Close-up of flaky white talc lumps.,,lazy,,,
talc,talc-lumps,talc-lumps-alt-3,A295,talc-lumps-close-up-08.png,card-4x3,480,360,/images/talc/talc-lumps-close-up-08-card-4x3-480w.webp,/images/talc/talc-lumps-close-up-08-card-4x3-480w.webp 480w,/images/talc/talc-lumps-close-up-08-card-4x3-480w.avif 480w,Close-up of flaky white talc lumps.,,lazy,,,
talc,talc-lumps,talc-lumps-alt-4,A032,talc-lumps-close-up-05.jpg,card-4x3,720,540,/images/talc/talc-lumps-close-up-05-card-4x3-720w.webp,"/images/talc/talc-lumps-close-up-05-card-4x3-480w.webp 480w, /images/talc/talc-lumps-close-up-05-card-4x3-720w.webp 720w","/images/talc/talc-lumps-close-up-05-card-4x3-480w.avif 480w, /images/talc/talc-lumps-close-up-05-card-4x3-720w.avif 720w",Hand holding a flaky white talc lump above a pile of talc.,,lazy,,,
talc,colour-grades,talc-colour-grades,A270,talc-lumps-colour-grades-01.png,original,886,309,/images/talc/talc-lumps-colour-grades-01-886w.webp,"/images/talc/talc-lumps-colour-grades-01-480w.webp 480w, /images/talc/talc-lumps-colour-grades-01-768w.webp 768w, /images/talc/talc-lumps-colour-grades-01-886w.webp 886w","/images/talc/talc-lumps-colour-grades-01-480w.avif 480w, /images/talc/talc-lumps-colour-grades-01-768w.avif 768w, /images/talc/talc-lumps-colour-grades-01-886w.avif 886w","Four talc lump samples shown side by side: coffee, white, grey and green.",Natural colour variations of talc lumps.,lazy,,,
talc,talc-powder,talc-powder-bag,A204,talc-powder-25kg-bag-skz-01.jpg,portrait-4x5,480,600,/images/home/talc-powder-25kg-bag-skz-01-portrait-4x5-480w.webp,/images/home/talc-powder-25kg-bag-skz-01-portrait-4x5-480w.webp 480w,/images/home/talc-powder-25kg-bag-skz-01-portrait-4x5-480w.avif 480w,25 kg SKZ Soap Stone / Talc Powder bag with product label.,Talc powder packed in 25 kg bags.,lazy,,product-card-talc-powder,
talc,talc-powder,talc-powder-bags-stacked,A213,talc-powder-bags-stacked-skz-01.jpg,portrait-4x5,480,600,/images/talc/talc-powder-bags-stacked-skz-01-portrait-4x5-480w.webp,/images/talc/talc-powder-bags-stacked-skz-01-portrait-4x5-480w.webp 480w,/images/talc/talc-powder-bags-stacked-skz-01-portrait-4x5-480w.avif 480w,Stack of wrapped SKZ Soap Stone Talc Powder bags.,,lazy,,,
talc,lab-reports,lab-report-agam-02,A091,talc-laboratory-analysis-report-01.jpg,original,1275,1650,/images/talc/talc-laboratory-analysis-report-01-1275w.webp,"/images/talc/talc-laboratory-analysis-report-01-480w.webp 480w, /images/talc/talc-laboratory-analysis-report-01-768w.webp 768w, /images/talc/talc-laboratory-analysis-report-01-1024w.webp 1024w, /images/talc/talc-laboratory-analysis-report-01-1275w.webp 1275w","/images/talc/talc-laboratory-analysis-report-01-480w.avif 480w, /images/talc/talc-laboratory-analysis-report-01-768w.avif 768w, /images/talc/talc-laboratory-analysis-report-01-1024w.avif 1024w, /images/talc/talc-laboratory-analysis-report-01-1275w.avif 1275w",Scanned SKZ Laboratory Peshawar analysis report for a talc mesh powder sample.,Laboratory analysis report for talc mesh powder.,lazy,,,
talc,lab-reports,lab-report-dd,A092,talc-laboratory-analysis-report-02.jpg,original,1275,1650,/images/talc/talc-laboratory-analysis-report-02-1275w.webp,"/images/talc/talc-laboratory-analysis-report-02-480w.webp 480w, /images/talc/talc-laboratory-analysis-report-02-768w.webp 768w, /images/talc/talc-laboratory-analysis-report-02-1024w.webp 1024w, /images/talc/talc-laboratory-analysis-report-02-1275w.webp 1275w","/images/talc/talc-laboratory-analysis-report-02-480w.avif 480w, /images/talc/talc-laboratory-analysis-report-02-768w.avif 768w, /images/talc/talc-laboratory-analysis-report-02-1024w.avif 1024w, /images/talc/talc-laboratory-analysis-report-02-1275w.avif 1275w",Scanned SKZ Laboratory Peshawar analysis report for a talc powder sample above 400 mesh.,,lazy,,,
talc,origins,talc-origins,A317,talc-origins-diagram-01.png,original,582,351,/images/talc/talc-origins-diagram-01-582w.webp,"/images/talc/talc-origins-diagram-01-480w.webp 480w, /images/talc/talc-origins-diagram-01-582w.webp 582w","/images/talc/talc-origins-diagram-01-480w.avif 480w, /images/talc/talc-origins-diagram-01-582w.avif 582w","Diagram of talc types: Afghan talc from Khogyani, Agam and Shinwari; Pakistani talc from Haripur, Parachinar and Chitral.",,lazy,,,
mining-operations,hero,mining-hero,A089,underground-mine-01.jpg,banner-16x9,1920,1080,/images/mining-operations/underground-mine-01-banner-16x9-1920w.webp,"/images/mining-operations/underground-mine-01-banner-16x9-480w.webp 480w, /images/mining-operations/underground-mine-01-banner-16x9-768w.webp 768w, /images/mining-operations/underground-mine-01-banner-16x9-1024w.webp 1024w, /images/mining-operations/underground-mine-01-banner-16x9-1440w.webp 1440w, /images/mining-operations/underground-mine-01-banner-16x9-1920w.webp 1920w","/images/mining-operations/underground-mine-01-banner-16x9-480w.avif 480w, /images/mining-operations/underground-mine-01-banner-16x9-768w.avif 768w, /images/mining-operations/underground-mine-01-banner-16x9-1024w.avif 1024w, /images/mining-operations/underground-mine-01-banner-16x9-1440w.avif 1440w, /images/mining-operations/underground-mine-01-banner-16x9-1920w.avif 1920w","Miners inside a timber-supported underground adit, one holding a headlamp.",Timber-supported underground adit.,eager,high,,people - consent
mining-operations,hero,mining-hero,A089,underground-mine-01.jpg,mobile-4x5,1920,2400,/images/mining-operations/underground-mine-01-mobile-4x5-1920w.webp,"/images/mining-operations/underground-mine-01-mobile-4x5-480w.webp 480w, /images/mining-operations/underground-mine-01-mobile-4x5-768w.webp 768w, /images/mining-operations/underground-mine-01-mobile-4x5-1024w.webp 1024w, /images/mining-operations/underground-mine-01-mobile-4x5-1440w.webp 1440w, /images/mining-operations/underground-mine-01-mobile-4x5-1920w.webp 1920w","/images/mining-operations/underground-mine-01-mobile-4x5-480w.avif 480w, /images/mining-operations/underground-mine-01-mobile-4x5-768w.avif 768w, /images/mining-operations/underground-mine-01-mobile-4x5-1024w.avif 1024w, /images/mining-operations/underground-mine-01-mobile-4x5-1440w.avif 1440w, /images/mining-operations/underground-mine-01-mobile-4x5-1920w.avif 1920w","Miners inside a timber-supported underground adit, one holding a headlamp.",Timber-supported underground adit.,eager,high,,people - consent
mining-operations,exploration,exploration-1,A083,geological-survey-rock-face-kurram-01.jpg,card-4x3,1920,1440,/images/mining-operations/geological-survey-rock-face-kurram-01-card-4x3-1920w.webp,"/images/mining-operations/geological-survey-rock-face-kurram-01-card-4x3-480w.webp 480w, /images/mining-operations/geological-survey-rock-face-kurram-01-card-4x3-768w.webp 768w, /images/mining-operations/geological-survey-rock-face-kurram-01-card-4x3-1024w.webp 1024w, /images/mining-operations/geological-survey-rock-face-kurram-01-card-4x3-1440w.webp 1440w, /images/mining-operations/geological-survey-rock-face-kurram-01-card-4x3-1920w.webp 1920w","/images/mining-operations/geological-survey-rock-face-kurram-01-card-4x3-480w.avif 480w, /images/mining-operations/geological-survey-rock-face-kurram-01-card-4x3-768w.avif 768w, /images/mining-operations/geological-survey-rock-face-kurram-01-card-4x3-1024w.avif 1024w, /images/mining-operations/geological-survey-rock-face-kurram-01-card-4x3-1440w.avif 1440w, /images/mining-operations/geological-survey-rock-face-kurram-01-card-4x3-1920w.avif 1920w",Two geologists at the base of a large folded orange-brown rock face.,Geological survey of an exposed rock formation.,lazy,,,people - consent
mining-operations,exploration,exploration-2,A142,geologist-field-survey-kurram-01.jpg,card-4x3,1440,1080,/images/mining-operations/geologist-field-survey-kurram-01-card-4x3-1440w.webp,"/images/mining-operations/geologist-field-survey-kurram-01-card-4x3-480w.webp 480w, /images/mining-operations/geologist-field-survey-kurram-01-card-4x3-768w.webp 768w, /images/mining-operations/geologist-field-survey-kurram-01-card-4x3-1024w.webp 1024w, /images/mining-operations/geologist-field-survey-kurram-01-card-4x3-1440w.webp 1440w","/images/mining-operations/geologist-field-survey-kurram-01-card-4x3-480w.avif 480w, /images/mining-operations/geologist-field-survey-kurram-01-card-4x3-768w.avif 768w, /images/mining-operations/geologist-field-survey-kurram-01-card-4x3-1024w.avif 1024w, /images/mining-operations/geologist-field-survey-kurram-01-card-4x3-1440w.avif 1440w",Geologist with backpack and field notes standing at a white rock face.,,lazy,,,people - consent
mining-operations,exploration,exploration-3,A084,geological-compass-measurement-01.jpg,card-4x3,1920,1440,/images/mining-operations/geological-compass-measurement-01-card-4x3-1920w.webp,"/images/mining-operations/geological-compass-measurement-01-card-4x3-480w.webp 480w, /images/mining-operations/geological-compass-measurement-01-card-4x3-768w.webp 768w, /images/mining-operations/geological-compass-measurement-01-card-4x3-1024w.webp 1024w, /images/mining-operations/geological-compass-measurement-01-card-4x3-1440w.webp 1440w, /images/mining-operations/geological-compass-measurement-01-card-4x3-1920w.webp 1920w","/images/mining-operations/geological-compass-measurement-01-card-4x3-480w.avif 480w, /images/mining-operations/geological-compass-measurement-01-card-4x3-768w.avif 768w, /images/mining-operations/geological-compass-measurement-01-card-4x3-1024w.avif 1024w, /images/mining-operations/geological-compass-measurement-01-card-4x3-1440w.avif 1440w, /images/mining-operations/geological-compass-measurement-01-card-4x3-1920w.avif 1920w",Hand holding a geological compass-clinometer to measure rock orientation in low light.,Measuring strike and dip during a survey.,lazy,,,
mining-operations,exploration,exploration-4,A139,field-exploration-team-01.jpg,card-4x3,1440,1080,/images/mining-operations/field-exploration-team-01-card-4x3-1440w.webp,"/images/mining-operations/field-exploration-team-01-card-4x3-480w.webp 480w, /images/mining-operations/field-exploration-team-01-card-4x3-768w.webp 768w, /images/mining-operations/field-exploration-team-01-card-4x3-1024w.webp 1024w, /images/mining-operations/field-exploration-team-01-card-4x3-1440w.webp 1440w","/images/mining-operations/field-exploration-team-01-card-4x3-480w.avif 480w, /images/mining-operations/field-exploration-team-01-card-4x3-768w.avif 768w, /images/mining-operations/field-exploration-team-01-card-4x3-1024w.avif 1024w, /images/mining-operations/field-exploration-team-01-card-4x3-1440w.avif 1440w",Field team with backpacks among boulders on a forested mountain slope.,Field exploration in mountain terrain.,lazy,,,people - consent
mining-operations,extraction,extraction-1,A085,mine-adit-entrance-01.jpg,banner-16x9,1920,1080,/images/home/mine-adit-entrance-01-banner-16x9-1920w.webp,"/images/home/mine-adit-entrance-01-banner-16x9-480w.webp 480w, /images/home/mine-adit-entrance-01-banner-16x9-768w.webp 768w, /images/home/mine-adit-entrance-01-banner-16x9-1024w.webp 1024w, /images/home/mine-adit-entrance-01-banner-16x9-1440w.webp 1440w, /images/home/mine-adit-entrance-01-banner-16x9-1920w.webp 1920w","/images/home/mine-adit-entrance-01-banner-16x9-480w.avif 480w, /images/home/mine-adit-entrance-01-banner-16x9-768w.avif 768w, /images/home/mine-adit-entrance-01-banner-16x9-1024w.avif 1024w, /images/home/mine-adit-entrance-01-banner-16x9-1440w.avif 1440w, /images/home/mine-adit-entrance-01-banner-16x9-1920w.avif 1920w",Men gathered at the entrance of an adit cut into a white rock cliff among pine trees.,Entrance to an underground working in a white rock cliff.,lazy,,hero-alt-slide,people - consent
mining-operations,extraction,extraction-1,A085,mine-adit-entrance-01.jpg,mobile-4x5,1920,2400,/images/home/mine-adit-entrance-01-mobile-4x5-1920w.webp,"/images/home/mine-adit-entrance-01-mobile-4x5-480w.webp 480w, /images/home/mine-adit-entrance-01-mobile-4x5-768w.webp 768w, /images/home/mine-adit-entrance-01-mobile-4x5-1024w.webp 1024w, /images/home/mine-adit-entrance-01-mobile-4x5-1440w.webp 1440w, /images/home/mine-adit-entrance-01-mobile-4x5-1920w.webp 1920w","/images/home/mine-adit-entrance-01-mobile-4x5-480w.avif 480w, /images/home/mine-adit-entrance-01-mobile-4x5-768w.avif 768w, /images/home/mine-adit-entrance-01-mobile-4x5-1024w.avif 1024w, /images/home/mine-adit-entrance-01-mobile-4x5-1440w.avif 1440w, /images/home/mine-adit-entrance-01-mobile-4x5-1920w.avif 1920w",Men gathered at the entrance of an adit cut into a white rock cliff among pine trees.,Entrance to an underground working in a white rock cliff.,lazy,,hero-alt-slide,people - consent
mining-operations,extraction,extraction-2,A120,underground-mine-chamber-01.jpg,banner-16x9,1920,1080,/images/home/underground-mine-chamber-01-banner-16x9-1920w.webp,"/images/home/underground-mine-chamber-01-banner-16x9-480w.webp 480w, /images/home/underground-mine-chamber-01-banner-16x9-768w.webp 768w, /images/home/underground-mine-chamber-01-banner-16x9-1024w.webp 1024w, /images/home/underground-mine-chamber-01-banner-16x9-1440w.webp 1440w, /images/home/underground-mine-chamber-01-banner-16x9-1920w.webp 1920w","/images/home/underground-mine-chamber-01-banner-16x9-480w.avif 480w, /images/home/underground-mine-chamber-01-banner-16x9-768w.avif 768w, /images/home/underground-mine-chamber-01-banner-16x9-1024w.avif 1024w, /images/home/underground-mine-chamber-01-banner-16x9-1440w.avif 1440w, /images/home/underground-mine-chamber-01-banner-16x9-1920w.avif 1920w","Two workers inside a large underground chamber floored with broken white rock, with a blue drum and hoses.",Underground extraction chamber.,lazy,,mining-teaser,people - consent
mining-operations,extraction,extraction-2,A120,underground-mine-chamber-01.jpg,mobile-4x5,1024,1280,/images/home/underground-mine-chamber-01-mobile-4x5-1024w.webp,"/images/home/underground-mine-chamber-01-mobile-4x5-480w.webp 480w, /images/home/underground-mine-chamber-01-mobile-4x5-768w.webp 768w, /images/home/underground-mine-chamber-01-mobile-4x5-1024w.webp 1024w","/images/home/underground-mine-chamber-01-mobile-4x5-480w.avif 480w, /images/home/underground-mine-chamber-01-mobile-4x5-768w.avif 768w, /images/home/underground-mine-chamber-01-mobile-4x5-1024w.avif 1024w","Two workers inside a large underground chamber floored with broken white rock, with a blue drum and hoses.",Underground extraction chamber.,lazy,,mining-teaser,people - consent
mining-operations,extraction,extraction-3,A118,underground-mine-02.jpg,card-4x3,1707,1280,/images/mining-operations/underground-mine-02-card-4x3-1707w.webp,"/images/mining-operations/underground-mine-02-card-4x3-480w.webp 480w, /images/mining-operations/underground-mine-02-card-4x3-768w.webp 768w, /images/mining-operations/underground-mine-02-card-4x3-1024w.webp 1024w, /images/mining-operations/underground-mine-02-card-4x3-1440w.webp 1440w, /images/mining-operations/underground-mine-02-card-4x3-1707w.webp 1707w","/images/mining-operations/underground-mine-02-card-4x3-480w.avif 480w, /images/mining-operations/underground-mine-02-card-4x3-768w.avif 768w, /images/mining-operations/underground-mine-02-card-4x3-1024w.avif 1024w, /images/mining-operations/underground-mine-02-card-4x3-1440w.avif 1440w, /images/mining-operations/underground-mine-02-card-4x3-1707w.avif 1707w",Worker at a white and grey rock face inside an underground mine.,,lazy,,,people - consent
mining-operations,extraction,extraction-4,A137,underground-mine-survey-01.jpg,card-4x3,1440,1080,/images/mining-operations/underground-mine-survey-01-card-4x3-1440w.webp,"/images/mining-operations/underground-mine-survey-01-card-4x3-480w.webp 480w, /images/mining-operations/underground-mine-survey-01-card-4x3-768w.webp 768w, /images/mining-operations/underground-mine-survey-01-card-4x3-1024w.webp 1024w, /images/mining-operations/underground-mine-survey-01-card-4x3-1440w.webp 1440w","/images/mining-operations/underground-mine-survey-01-card-4x3-480w.avif 480w, /images/mining-operations/underground-mine-survey-01-card-4x3-768w.avif 768w, /images/mining-operations/underground-mine-survey-01-card-4x3-1024w.avif 1024w, /images/mining-operations/underground-mine-survey-01-card-4x3-1440w.avif 1440w",Surveyors measuring with a tape inside a cream-coloured rock adit.,Measuring inside an underground working.,lazy,,,people - consent
mining-operations,extraction,extraction-5,A087,underground-mine-inspection-01.jpg,card-4x3,1920,1440,/images/mining-operations/underground-mine-inspection-01-card-4x3-1920w.webp,"/images/mining-operations/underground-mine-inspection-01-card-4x3-480w.webp 480w, /images/mining-operations/underground-mine-inspection-01-card-4x3-768w.webp 768w, /images/mining-operations/underground-mine-inspection-01-card-4x3-1024w.webp 1024w, /images/mining-operations/underground-mine-inspection-01-card-4x3-1440w.webp 1440w, /images/mining-operations/underground-mine-inspection-01-card-4x3-1920w.webp 1920w","/images/mining-operations/underground-mine-inspection-01-card-4x3-480w.avif 480w, /images/mining-operations/underground-mine-inspection-01-card-4x3-768w.avif 768w, /images/mining-operations/underground-mine-inspection-01-card-4x3-1024w.avif 1024w, /images/mining-operations/underground-mine-inspection-01-card-4x3-1440w.avif 1440w, /images/mining-operations/underground-mine-inspection-01-card-4x3-1920w.avif 1920w",Two men inspecting the pale rock walls inside an underground working.,,lazy,,,people - consent
mining-operations,extraction,extraction-6,A082,talc-mine-site-scree-01.jpg,card-4x3,1920,1440,/images/mining-operations/talc-mine-site-scree-01-card-4x3-1920w.webp,"/images/mining-operations/talc-mine-site-scree-01-card-4x3-480w.webp 480w, /images/mining-operations/talc-mine-site-scree-01-card-4x3-768w.webp 768w, /images/mining-operations/talc-mine-site-scree-01-card-4x3-1024w.webp 1024w, /images/mining-operations/talc-mine-site-scree-01-card-4x3-1440w.webp 1440w, /images/mining-operations/talc-mine-site-scree-01-card-4x3-1920w.webp 1920w","/images/mining-operations/talc-mine-site-scree-01-card-4x3-480w.avif 480w, /images/mining-operations/talc-mine-site-scree-01-card-4x3-768w.avif 768w, /images/mining-operations/talc-mine-site-scree-01-card-4x3-1024w.avif 1024w, /images/mining-operations/talc-mine-site-scree-01-card-4x3-1440w.avif 1440w, /images/mining-operations/talc-mine-site-scree-01-card-4x3-1920w.avif 1920w",Man standing on a slope of flat white talc fragments below a rock outcrop.,,lazy,,,people - consent
mining-operations,extraction,extraction-7,A227,underground-mine-04.png,portrait-4x5,480,600,/images/mining-operations/underground-mine-04-portrait-4x5-480w.webp,/images/mining-operations/underground-mine-04-portrait-4x5-480w.webp 480w,/images/mining-operations/underground-mine-04-portrait-4x5-480w.avif 480w,Timber-supported underground adit with rail track and a mine cart.,,lazy,,,
mining-operations,sorting,sorting-banner,A102,talc-lumps-hand-sorting-02.jpg,banner-16x9,986,555,/images/mining-operations/talc-lumps-hand-sorting-02-banner-16x9-986w.webp,"/images/mining-operations/talc-lumps-hand-sorting-02-banner-16x9-480w.webp 480w, /images/mining-operations/talc-lumps-hand-sorting-02-banner-16x9-768w.webp 768w, /images/mining-operations/talc-lumps-hand-sorting-02-banner-16x9-986w.webp 986w","/images/mining-operations/talc-lumps-hand-sorting-02-banner-16x9-480w.avif 480w, /images/mining-operations/talc-lumps-hand-sorting-02-banner-16x9-768w.avif 768w, /images/mining-operations/talc-lumps-hand-sorting-02-banner-16x9-986w.avif 986w",Workers in hard hats and safety vests sorting white talc lumps beside filled bulk bags.,Hand-sorting talc lumps before milling or bagging.,lazy,,,people - consent
mining-operations,sorting,sorting-banner,A102,talc-lumps-hand-sorting-02.jpg,mobile-4x5,581,726,/images/mining-operations/talc-lumps-hand-sorting-02-mobile-4x5-581w.webp,"/images/mining-operations/talc-lumps-hand-sorting-02-mobile-4x5-480w.webp 480w, /images/mining-operations/talc-lumps-hand-sorting-02-mobile-4x5-581w.webp 581w","/images/mining-operations/talc-lumps-hand-sorting-02-mobile-4x5-480w.avif 480w, /images/mining-operations/talc-lumps-hand-sorting-02-mobile-4x5-581w.avif 581w",Workers in hard hats and safety vests sorting white talc lumps beside filled bulk bags.,Hand-sorting talc lumps before milling or bagging.,lazy,,,people - consent
mining-operations,sorting,sorting-1,A015,talc-lumps-hand-sorting-01.jpg,card-4x3,768,576,/images/mining-operations/talc-lumps-hand-sorting-01-card-4x3-768w.webp,"/images/mining-operations/talc-lumps-hand-sorting-01-card-4x3-480w.webp 480w, /images/mining-operations/talc-lumps-hand-sorting-01-card-4x3-768w.webp 768w","/images/mining-operations/talc-lumps-hand-sorting-01-card-4x3-480w.avif 480w, /images/mining-operations/talc-lumps-hand-sorting-01-card-4x3-768w.avif 768w",Workers sorting white talc lumps by hand in a walled yard.,Talc lumps are hand-sorted by colour and quality.,lazy,,,people - consent
mining-operations,sorting,sorting-2,A012,talc-lumps-quality-inspection-01.jpg,portrait-4x5,960,1200,/images/mining-operations/talc-lumps-quality-inspection-01-portrait-4x5-960w.webp,"/images/mining-operations/talc-lumps-quality-inspection-01-portrait-4x5-480w.webp 480w, /images/mining-operations/talc-lumps-quality-inspection-01-portrait-4x5-768w.webp 768w, /images/mining-operations/talc-lumps-quality-inspection-01-portrait-4x5-960w.webp 960w","/images/mining-operations/talc-lumps-quality-inspection-01-portrait-4x5-480w.avif 480w, /images/mining-operations/talc-lumps-quality-inspection-01-portrait-4x5-768w.avif 768w, /images/mining-operations/talc-lumps-quality-inspection-01-portrait-4x5-960w.avif 960w",Two inspectors in uniforms and caps checking white talc lumps with a worker during hand sorting.,Talc lumps checked by hand during sorting.,lazy,,,people - consent
mining-operations,sorting,sorting-3,A099,talc-lumps-quality-inspection-02.jpg,card-4x3,1024,768,/images/mining-operations/talc-lumps-quality-inspection-02-card-4x3-1024w.webp,"/images/mining-operations/talc-lumps-quality-inspection-02-card-4x3-480w.webp 480w, /images/mining-operations/talc-lumps-quality-inspection-02-card-4x3-768w.webp 768w, /images/mining-operations/talc-lumps-quality-inspection-02-card-4x3-1024w.webp 1024w","/images/mining-operations/talc-lumps-quality-inspection-02-card-4x3-480w.avif 480w, /images/mining-operations/talc-lumps-quality-inspection-02-card-4x3-768w.avif 768w, /images/mining-operations/talc-lumps-quality-inspection-02-card-4x3-1024w.avif 1024w",Man crouching to inspect a pile of white talc lumps.,,lazy,,,people - consent
mining-operations,sorting,sorting-4,A166,talc-lumps-field-sample-01.jpg,portrait-4x5,683,854,/images/mining-operations/talc-lumps-field-sample-01-portrait-4x5-683w.webp,"/images/mining-operations/talc-lumps-field-sample-01-portrait-4x5-480w.webp 480w, /images/mining-operations/talc-lumps-field-sample-01-portrait-4x5-683w.webp 683w","/images/mining-operations/talc-lumps-field-sample-01-portrait-4x5-480w.avif 480w, /images/mining-operations/talc-lumps-field-sample-01-portrait-4x5-683w.avif 683w",White talc fragments with a geological hammer resting on top at a field site.,,lazy,,,
mining-operations,crushing-grinding,crushing-1,A017,talc-crushing-screening-conveyor-01.png,card-4x3,640,480,/images/mining-operations/talc-crushing-screening-conveyor-01-card-4x3-640w.webp,"/images/mining-operations/talc-crushing-screening-conveyor-01-card-4x3-480w.webp 480w, /images/mining-operations/talc-crushing-screening-conveyor-01-card-4x3-640w.webp 640w","/images/mining-operations/talc-crushing-screening-conveyor-01-card-4x3-480w.avif 480w, /images/mining-operations/talc-crushing-screening-conveyor-01-card-4x3-640w.avif 640w","Conveyor stackers building a stockpile of crushed white talc, with jumbo bags and a worker nearby.",Crushed talc stockpiled at a screening yard.,lazy,,,people - consent
mining-operations,crushing-grinding,grinding-1,A297,grinding-mill-talc-powder-bags-01.png,card-4x3,740,555,/images/mining-operations/grinding-mill-talc-powder-bags-01-card-4x3-740w.webp,"/images/mining-operations/grinding-mill-talc-powder-bags-01-card-4x3-480w.webp 480w, /images/mining-operations/grinding-mill-talc-powder-bags-01-card-4x3-740w.webp 740w","/images/mining-operations/grinding-mill-talc-powder-bags-01-card-4x3-480w.avif 480w, /images/mining-operations/grinding-mill-talc-powder-bags-01-card-4x3-740w.avif 740w",Raymond-type grinding mill beside stacked SKZ talc powder bags.,Grinding mill and packed talc powder.,lazy,,,
mining-operations,crushing-grinding,grinding-2,A212,grinding-mill-01.jpg,portrait-4x5,480,600,/images/mining-operations/grinding-mill-01-portrait-4x5-480w.webp,/images/mining-operations/grinding-mill-01-portrait-4x5-480w.webp 480w,/images/mining-operations/grinding-mill-01-portrait-4x5-480w.avif 480w,Two staff standing beside a teal grinding mill in a brick processing shed.,Grinding mill in the processing plant.,lazy,,,people - consent
mining-operations,crushing-grinding,grinding-3,A222,grinding-mill-02.jpg,portrait-4x5,480,600,/images/mining-operations/grinding-mill-02-portrait-4x5-480w.webp,/images/mining-operations/grinding-mill-02-portrait-4x5-480w.webp 480w,/images/mining-operations/grinding-mill-02-portrait-4x5-480w.avif 480w,Silver grinding mill with piping and filled bags beside a powder stockpile.,Grinding mill and product collection.,lazy,,,
mining-operations,crushing-grinding,grinding-4,A026,grinding-mill-dust-collector-01.jpg,portrait-4x5,480,600,/images/mining-operations/grinding-mill-dust-collector-01-portrait-4x5-480w.webp,/images/mining-operations/grinding-mill-dust-collector-01-portrait-4x5-480w.webp 480w,/images/mining-operations/grinding-mill-dust-collector-01-portrait-4x5-480w.avif 480w,"Grinding mill with cyclone and dust-collection hopper inside a processing shed, with two staff inspecting.",Grinding and dust-collection equipment in the processing shed.,lazy,,,people - consent
mining-operations,crushing-grinding,micronizing-1,A201,micronizing-classifier-01.jpg,portrait-4x5,480,600,/images/mining-operations/micronizing-classifier-01-portrait-4x5-480w.webp,/images/mining-operations/micronizing-classifier-01-portrait-4x5-480w.webp 480w,/images/mining-operations/micronizing-classifier-01-portrait-4x5-480w.avif 480w,Micronizing classifier with cyclone and piping in a processing plant.,Fine-grinding and classifying equipment.,lazy,,,
mining-operations,crushing-grinding,maintenance-1,A202,grinding-mill-maintenance-01.jpg,portrait-4x5,480,600,/images/mining-operations/grinding-mill-maintenance-01-portrait-4x5-480w.webp,/images/mining-operations/grinding-mill-maintenance-01-portrait-4x5-480w.webp 480w,/images/mining-operations/grinding-mill-maintenance-01-portrait-4x5-480w.avif 480w,Worker in helmet and mask servicing the grinding chamber of a mill.,Routine mill maintenance.,lazy,,,people - consent
mining-operations,packaging,packaging-banner,A310,talc-powder-bags-stacked-skz-yard-01.jpg,banner-16x9,1024,576,/images/mining-operations/talc-powder-bags-stacked-skz-yard-01-banner-16x9-1024w.webp,"/images/mining-operations/talc-powder-bags-stacked-skz-yard-01-banner-16x9-480w.webp 480w, /images/mining-operations/talc-powder-bags-stacked-skz-yard-01-banner-16x9-768w.webp 768w, /images/mining-operations/talc-powder-bags-stacked-skz-yard-01-banner-16x9-1024w.webp 1024w","/images/mining-operations/talc-powder-bags-stacked-skz-yard-01-banner-16x9-480w.avif 480w, /images/mining-operations/talc-powder-bags-stacked-skz-yard-01-banner-16x9-768w.avif 768w, /images/mining-operations/talc-powder-bags-stacked-skz-yard-01-banner-16x9-1024w.avif 1024w",Wall of stacked white SKZ talc powder bags in a processing yard.,Packed talc powder ready for dispatch.,lazy,,,
mining-operations,packaging,packaging-banner,A310,talc-powder-bags-stacked-skz-yard-01.jpg,mobile-4x5,479,599,/images/mining-operations/talc-powder-bags-stacked-skz-yard-01-mobile-4x5-479w.webp,/images/mining-operations/talc-powder-bags-stacked-skz-yard-01-mobile-4x5-479w.webp 479w,/images/mining-operations/talc-powder-bags-stacked-skz-yard-01-mobile-4x5-479w.avif 479w,Wall of stacked white SKZ talc powder bags in a processing yard.,Packed talc powder ready for dispatch.,lazy,,,
mining-operations,packaging,packaging-1,A215,talc-powder-bagging-line-01.jpg,portrait-4x5,480,600,/images/mining-operations/talc-powder-bagging-line-01-portrait-4x5-480w.webp,/images/mining-operations/talc-powder-bagging-line-01-portrait-4x5-480w.webp 480w,/images/mining-operations/talc-powder-bagging-line-01-portrait-4x5-480w.avif 480w,Workers in white uniforms and helmets filling and stacking SKZ talc powder bags in a large plant.,Talc powder bagging line.,lazy,,,people - consent
mining-operations,packaging,packaging-2,A205,jumbo-bag-filling-01.jpg,portrait-4x5,480,600,/images/mining-operations/jumbo-bag-filling-01-portrait-4x5-480w.webp,/images/mining-operations/jumbo-bag-filling-01-portrait-4x5-480w.webp 480w,/images/mining-operations/jumbo-bag-filling-01-portrait-4x5-480w.avif 480w,White powder being filled into a jumbo bag under a hopper and dust collector.,Bulk bag filling station.,lazy,,,
mining-operations,packaging,packaging-3,A030,bagged-product-palletization-01.jpg,card-4x3,960,720,/images/mining-operations/bagged-product-palletization-01-card-4x3-960w.webp,"/images/mining-operations/bagged-product-palletization-01-card-4x3-480w.webp 480w, /images/mining-operations/bagged-product-palletization-01-card-4x3-768w.webp 768w, /images/mining-operations/bagged-product-palletization-01-card-4x3-960w.webp 960w","/images/mining-operations/bagged-product-palletization-01-card-4x3-480w.avif 480w, /images/mining-operations/bagged-product-palletization-01-card-4x3-768w.avif 768w, /images/mining-operations/bagged-product-palletization-01-card-4x3-960w.avif 960w",Shrink-wrapped pallets of stacked paper bags in a warehouse.,Bagged product palletized and wrapped for shipment.,lazy,,,
mining-operations,packaging,packaging-4,A196,plant-workers-safety-uniforms-01.jpg,portrait-4x5,480,600,/images/mining-operations/plant-workers-safety-uniforms-01-portrait-4x5-480w.webp,/images/mining-operations/plant-workers-safety-uniforms-01-portrait-4x5-480w.webp 480w,/images/mining-operations/plant-workers-safety-uniforms-01-portrait-4x5-480w.avif 480w,Two workers in white uniforms and helmets beside bagged product in a processing plant.,,lazy,,,people - consent
mining-operations,our-plants,mesh-plant-peshawar,A298,skz-mining-mesh-plant-signage-peshawar-01.png,card-4x3,755,566,/images/mining-operations/skz-mining-mesh-plant-signage-peshawar-01-card-4x3-755w.webp,"/images/mining-operations/skz-mining-mesh-plant-signage-peshawar-01-card-4x3-480w.webp 480w, /images/mining-operations/skz-mining-mesh-plant-signage-peshawar-01-card-4x3-755w.webp 755w","/images/mining-operations/skz-mining-mesh-plant-signage-peshawar-01-card-4x3-480w.avif 480w, /images/mining-operations/skz-mining-mesh-plant-signage-peshawar-01-card-4x3-755w.avif 755w",Entrance of the SKZ Mining Company Peshawar mesh plant with its sign and a teal cyclone separator.,"SKZ Mining Company mesh plant, Peshawar.",lazy,,,
mining-operations,quality-control,lab-1,A114,quality-testing-laboratory-01.jpg,portrait-4x5,1200,1500,/images/quality/quality-testing-laboratory-01-portrait-4x5-1200w.webp,"/images/quality/quality-testing-laboratory-01-portrait-4x5-480w.webp 480w, /images/quality/quality-testing-laboratory-01-portrait-4x5-768w.webp 768w, /images/quality/quality-testing-laboratory-01-portrait-4x5-1024w.webp 1024w, /images/quality/quality-testing-laboratory-01-portrait-4x5-1200w.webp 1200w","/images/quality/quality-testing-laboratory-01-portrait-4x5-480w.avif 480w, /images/quality/quality-testing-laboratory-01-portrait-4x5-768w.avif 768w, /images/quality/quality-testing-laboratory-01-portrait-4x5-1024w.avif 1024w, /images/quality/quality-testing-laboratory-01-portrait-4x5-1200w.avif 1200w",Laboratory technician in a white coat operating an analytical instrument connected to a computer.,Sample testing in the company laboratory.,lazy,,,people - consent
mining-operations,quality-control,lab-2,A233,quality-testing-laboratory-02.png,portrait-4x5,480,600,/images/quality/quality-testing-laboratory-02-portrait-4x5-480w.webp,/images/quality/quality-testing-laboratory-02-portrait-4x5-480w.webp 480w,/images/quality/quality-testing-laboratory-02-portrait-4x5-480w.avif 480w,Laboratory technician placing samples into a drying oven.,Sample preparation in the laboratory.,lazy,,,people - consent
mining-operations,quality-control,lab-3,A272,quality-testing-laboratory-03.png,card-4x3,600,450,/images/quality/quality-testing-laboratory-03-card-4x3-600w.webp,"/images/quality/quality-testing-laboratory-03-card-4x3-480w.webp 480w, /images/quality/quality-testing-laboratory-03-card-4x3-600w.webp 600w","/images/quality/quality-testing-laboratory-03-card-4x3-480w.avif 480w, /images/quality/quality-testing-laboratory-03-card-4x3-600w.avif 600w",Technician using an analytical instrument and computer in the laboratory.,,lazy,,,people - consent
mining-operations,quality-control,lab-4,A273,quality-control-laboratory-01.png,card-4x3,597,448,/images/quality/quality-control-laboratory-01-card-4x3-597w.webp,"/images/quality/quality-control-laboratory-01-card-4x3-480w.webp 480w, /images/quality/quality-control-laboratory-01-card-4x3-597w.webp 597w","/images/quality/quality-control-laboratory-01-card-4x3-480w.avif 480w, /images/quality/quality-control-laboratory-01-card-4x3-597w.avif 597w",Laboratory bench with drying ovens and staff at work.,,lazy,,,people - consent
mining-operations,transport-export,export-1,A064,jumbo-bags-container-loading-02.jpg,portrait-4x5,900,1125,/images/home/jumbo-bags-container-loading-02-portrait-4x5-900w.webp,"/images/home/jumbo-bags-container-loading-02-portrait-4x5-480w.webp 480w, /images/home/jumbo-bags-container-loading-02-portrait-4x5-768w.webp 768w, /images/home/jumbo-bags-container-loading-02-portrait-4x5-900w.webp 900w","/images/home/jumbo-bags-container-loading-02-portrait-4x5-480w.avif 480w, /images/home/jumbo-bags-container-loading-02-portrait-4x5-768w.avif 768w, /images/home/jumbo-bags-container-loading-02-portrait-4x5-900w.avif 900w",White jumbo bags stacked inside a blue shipping container.,Container loaded with bulk bags.,lazy,,export-teaser,
mining-operations,transport-export,export-2,A014,jumbo-bags-container-loading-01.jpg,portrait-4x5,768,960,/images/logistics/jumbo-bags-container-loading-01-portrait-4x5-768w.webp,"/images/logistics/jumbo-bags-container-loading-01-portrait-4x5-480w.webp 480w, /images/logistics/jumbo-bags-container-loading-01-portrait-4x5-768w.webp 768w","/images/logistics/jumbo-bags-container-loading-01-portrait-4x5-480w.avif 480w, /images/logistics/jumbo-bags-container-loading-01-portrait-4x5-768w.avif 768w",Worker loading white jumbo bags into a blue shipping container mounted on a truck.,Bulk bags being loaded into a container for dispatch.,lazy,,,people - consent
mining-operations,transport-export,export-3,A097,talc-lumps-truck-loading-01.jpg,card-4x3,995,746,/images/logistics/talc-lumps-truck-loading-01-card-4x3-995w.webp,"/images/logistics/talc-lumps-truck-loading-01-card-4x3-480w.webp 480w, /images/logistics/talc-lumps-truck-loading-01-card-4x3-768w.webp 768w, /images/logistics/talc-lumps-truck-loading-01-card-4x3-995w.webp 995w","/images/logistics/talc-lumps-truck-loading-01-card-4x3-480w.avif 480w, /images/logistics/talc-lumps-truck-loading-01-card-4x3-768w.avif 768w, /images/logistics/talc-lumps-truck-loading-01-card-4x3-995w.avif 995w",Pile of white talc lumps beside a yellow truck being loaded.,,lazy,,,
mining-operations,transport-export,export-4,A294,talc-lumps-stockyard-truck-loading-01.png,card-4x3,745,559,/images/logistics/talc-lumps-stockyard-truck-loading-01-card-4x3-745w.webp,"/images/logistics/talc-lumps-stockyard-truck-loading-01-card-4x3-480w.webp 480w, /images/logistics/talc-lumps-stockyard-truck-loading-01-card-4x3-745w.webp 745w","/images/logistics/talc-lumps-stockyard-truck-loading-01-card-4x3-480w.avif 480w, /images/logistics/talc-lumps-stockyard-truck-loading-01-card-4x3-745w.avif 745w",Decorated truck parked beside white talc stockpiles at the Peshawar warehouse yard.,,lazy,,,
mining-operations,transport-export,export-5,A260,jumbo-bags-warehouse-storage-01.png,card-4x3,600,450,/images/logistics/jumbo-bags-warehouse-storage-01-card-4x3-600w.webp,"/images/logistics/jumbo-bags-warehouse-storage-01-card-4x3-480w.webp 480w, /images/logistics/jumbo-bags-warehouse-storage-01-card-4x3-600w.webp 600w","/images/logistics/jumbo-bags-warehouse-storage-01-card-4x3-480w.avif 480w, /images/logistics/jumbo-bags-warehouse-storage-01-card-4x3-600w.avif 600w",Corridor between tall rows of stacked white jumbo bags.,Bulk bags in storage.,lazy,,,
mining-operations,transport-export,export-6,A011,jumbo-bags-storage-yard-01.jpg,banner-16x9,1024,576,/images/logistics/jumbo-bags-storage-yard-01-banner-16x9-1024w.webp,"/images/logistics/jumbo-bags-storage-yard-01-banner-16x9-480w.webp 480w, /images/logistics/jumbo-bags-storage-yard-01-banner-16x9-768w.webp 768w, /images/logistics/jumbo-bags-storage-yard-01-banner-16x9-1024w.webp 1024w","/images/logistics/jumbo-bags-storage-yard-01-banner-16x9-480w.avif 480w, /images/logistics/jumbo-bags-storage-yard-01-banner-16x9-768w.avif 768w, /images/logistics/jumbo-bags-storage-yard-01-banner-16x9-1024w.avif 1024w",Rows of filled white jumbo bags in an open storage yard with a forklift.,Bulk bags staged in the yard before dispatch.,lazy,,,
about,hero,about-hero,A098,team-mine-site-safety-gear-01.jpg,portrait-4x5,1010,1263,/images/about/team-mine-site-safety-gear-01-portrait-4x5-1010w.webp,"/images/about/team-mine-site-safety-gear-01-portrait-4x5-480w.webp 480w, /images/about/team-mine-site-safety-gear-01-portrait-4x5-768w.webp 768w, /images/about/team-mine-site-safety-gear-01-portrait-4x5-1010w.webp 1010w","/images/about/team-mine-site-safety-gear-01-portrait-4x5-480w.avif 480w, /images/about/team-mine-site-safety-gear-01-portrait-4x5-768w.avif 768w, /images/about/team-mine-site-safety-gear-01-portrait-4x5-1010w.avif 1010w",Team of workers and staff in helmets and high-visibility vests posing at a white rock quarry.,Site team in personal protective equipment.,eager,high,,people - consent
about,hero,about-hero,A098,team-mine-site-safety-gear-01.jpg,banner-16x9,1024,576,/images/about/team-mine-site-safety-gear-01-banner-16x9-1024w.webp,"/images/about/team-mine-site-safety-gear-01-banner-16x9-480w.webp 480w, /images/about/team-mine-site-safety-gear-01-banner-16x9-768w.webp 768w, /images/about/team-mine-site-safety-gear-01-banner-16x9-1024w.webp 1024w","/images/about/team-mine-site-safety-gear-01-banner-16x9-480w.avif 480w, /images/about/team-mine-site-safety-gear-01-banner-16x9-768w.avif 768w, /images/about/team-mine-site-safety-gear-01-banner-16x9-1024w.avif 1024w",Team of workers and staff in helmets and high-visibility vests posing at a white rock quarry.,Site team in personal protective equipment.,eager,high,,people - consent
about,company-overview,overview-office,A056,skz-mining-office-peshawar-01.jpg,portrait-4x5,1280,1600,/images/about/skz-mining-office-peshawar-01-portrait-4x5-1280w.webp,"/images/about/skz-mining-office-peshawar-01-portrait-4x5-480w.webp 480w, /images/about/skz-mining-office-peshawar-01-portrait-4x5-768w.webp 768w, /images/about/skz-mining-office-peshawar-01-portrait-4x5-1024w.webp 1024w, /images/about/skz-mining-office-peshawar-01-portrait-4x5-1280w.webp 1280w","/images/about/skz-mining-office-peshawar-01-portrait-4x5-480w.avif 480w, /images/about/skz-mining-office-peshawar-01-portrait-4x5-768w.avif 768w, /images/about/skz-mining-office-peshawar-01-portrait-4x5-1024w.avif 1024w, /images/about/skz-mining-office-peshawar-01-portrait-4x5-1280w.avif 1280w",Two men standing in front of the SKZ Mining Company Peshawar banner with Pakistani and Japanese flags.,"SKZ Mining Company office, Peshawar.",lazy,,,people - consent
about,facilities,facility-mesh-plant,A298,skz-mining-mesh-plant-signage-peshawar-01.png,card-4x3,755,566,/images/mining-operations/skz-mining-mesh-plant-signage-peshawar-01-card-4x3-755w.webp,"/images/mining-operations/skz-mining-mesh-plant-signage-peshawar-01-card-4x3-480w.webp 480w, /images/mining-operations/skz-mining-mesh-plant-signage-peshawar-01-card-4x3-755w.webp 755w","/images/mining-operations/skz-mining-mesh-plant-signage-peshawar-01-card-4x3-480w.avif 480w, /images/mining-operations/skz-mining-mesh-plant-signage-peshawar-01-card-4x3-755w.avif 755w",Entrance of the SKZ Mining Company Peshawar mesh plant with its sign and a teal cyclone separator.,"SKZ Mining Company mesh plant, Peshawar.",lazy,,mesh-plant-peshawar,
about,team,team-director-1,A076,director-rock-face-inspection-01.jpg,card-4x3,768,576,/images/about/director-rock-face-inspection-01-card-4x3-768w.webp,"/images/about/director-rock-face-inspection-01-card-4x3-480w.webp 480w, /images/about/director-rock-face-inspection-01-card-4x3-768w.webp 768w","/images/about/director-rock-face-inspection-01-card-4x3-480w.avif 480w, /images/about/director-rock-face-inspection-01-card-4x3-768w.avif 768w",Company director examining a white rock face at a mine site.,Field inspection of a rock face.,lazy,,,
about,team,team-director-2,A257,japanese-expert-field-visit-01.jpg,card-4x3,1920,1440,/images/about/japanese-expert-field-visit-01-card-4x3-1920w.webp,"/images/about/japanese-expert-field-visit-01-card-4x3-480w.webp 480w, /images/about/japanese-expert-field-visit-01-card-4x3-768w.webp 768w, /images/about/japanese-expert-field-visit-01-card-4x3-1024w.webp 1024w, /images/about/japanese-expert-field-visit-01-card-4x3-1440w.webp 1440w, /images/about/japanese-expert-field-visit-01-card-4x3-1920w.webp 1920w","/images/about/japanese-expert-field-visit-01-card-4x3-480w.avif 480w, /images/about/japanese-expert-field-visit-01-card-4x3-768w.avif 768w, /images/about/japanese-expert-field-visit-01-card-4x3-1024w.avif 1024w, /images/about/japanese-expert-field-visit-01-card-4x3-1440w.avif 1440w, /images/about/japanese-expert-field-visit-01-card-4x3-1920w.avif 1920w",Japanese technical expert seated on a white rock outcrop during a field visit.,Field visit by a Japanese technical partner.,lazy,,,people - consent
about,team,team-peshawar-manager,A074,skz-mining-office-peshawar-manager-01.jpg,card-4x3,1280,960,/images/about/skz-mining-office-peshawar-manager-01-card-4x3-1280w.webp,"/images/about/skz-mining-office-peshawar-manager-01-card-4x3-480w.webp 480w, /images/about/skz-mining-office-peshawar-manager-01-card-4x3-768w.webp 768w, /images/about/skz-mining-office-peshawar-manager-01-card-4x3-1024w.webp 1024w, /images/about/skz-mining-office-peshawar-manager-01-card-4x3-1280w.webp 1280w","/images/about/skz-mining-office-peshawar-manager-01-card-4x3-480w.avif 480w, /images/about/skz-mining-office-peshawar-manager-01-card-4x3-768w.avif 768w, /images/about/skz-mining-office-peshawar-manager-01-card-4x3-1024w.avif 1024w, /images/about/skz-mining-office-peshawar-manager-01-card-4x3-1280w.avif 1280w",Manager seated at his desk in the SKZ Mining Company Peshawar office beneath the company sign.,"SKZ Mining Company office, Peshawar.",lazy,,,people - consent
about,team,team-karachi-manager,A117,manager-stockyard-01.jpg,portrait-4x5,960,1200,/images/about/manager-stockyard-01-portrait-4x5-960w.webp,"/images/about/manager-stockyard-01-portrait-4x5-480w.webp 480w, /images/about/manager-stockyard-01-portrait-4x5-768w.webp 768w, /images/about/manager-stockyard-01-portrait-4x5-960w.webp 960w","/images/about/manager-stockyard-01-portrait-4x5-480w.avif 480w, /images/about/manager-stockyard-01-portrait-4x5-768w.avif 768w, /images/about/manager-stockyard-01-portrait-4x5-960w.avif 960w",Manager standing on a white mineral stockyard in front of processing sheds.,,lazy,,,people - consent
about,team,team-lab,A114,quality-testing-laboratory-01.jpg,portrait-4x5,1200,1500,/images/quality/quality-testing-laboratory-01-portrait-4x5-1200w.webp,"/images/quality/quality-testing-laboratory-01-portrait-4x5-480w.webp 480w, /images/quality/quality-testing-laboratory-01-portrait-4x5-768w.webp 768w, /images/quality/quality-testing-laboratory-01-portrait-4x5-1024w.webp 1024w, /images/quality/quality-testing-laboratory-01-portrait-4x5-1200w.webp 1200w","/images/quality/quality-testing-laboratory-01-portrait-4x5-480w.avif 480w, /images/quality/quality-testing-laboratory-01-portrait-4x5-768w.avif 768w, /images/quality/quality-testing-laboratory-01-portrait-4x5-1024w.avif 1024w, /images/quality/quality-testing-laboratory-01-portrait-4x5-1200w.avif 1200w",Laboratory technician in a white coat operating an analytical instrument connected to a computer.,Sample testing in the company laboratory.,lazy,,lab-1,people - consent
about,technical-partners,partners-1,A280,japanese-technical-experts-site-visit-02.png,card-4x3,915,686,/images/about/japanese-technical-experts-site-visit-02-card-4x3-915w.webp,"/images/about/japanese-technical-experts-site-visit-02-card-4x3-480w.webp 480w, /images/about/japanese-technical-experts-site-visit-02-card-4x3-768w.webp 768w, /images/about/japanese-technical-experts-site-visit-02-card-4x3-915w.webp 915w","/images/about/japanese-technical-experts-site-visit-02-card-4x3-480w.avif 480w, /images/about/japanese-technical-experts-site-visit-02-card-4x3-768w.avif 768w, /images/about/japanese-technical-experts-site-visit-02-card-4x3-915w.avif 915w",Five Japanese technical experts in helmets at a quarry site.,,lazy,,,people - consent
about,technical-partners,partners-2,A219,technical-team-plant-visit-01.jpg,portrait-4x5,480,600,/images/about/technical-team-plant-visit-01-portrait-4x5-480w.webp,/images/about/technical-team-plant-visit-01-portrait-4x5-480w.webp 480w,/images/about/technical-team-plant-visit-01-portrait-4x5-480w.avif 480w,"Three staff members, two of them Japanese technical partners, standing in a processing plant.",,lazy,,,people - consent
about,technical-partners,partners-3,A232,japanese-technical-experts-site-visit-01.png,portrait-4x5,480,600,/images/about/japanese-technical-experts-site-visit-01-portrait-4x5-480w.webp,/images/about/japanese-technical-experts-site-visit-01-portrait-4x5-480w.webp 480w,/images/about/japanese-technical-experts-site-visit-01-portrait-4x5-480w.avif 480w,Three Japanese technical experts in helmets at a mine site.,,lazy,,,people - consent
affiliation,structure,affiliation-chart,A292,skz-mining-company-structure-chart-01.png,original,1024,542,/images/affiliation/skz-mining-company-structure-chart-01-1024w.webp,"/images/affiliation/skz-mining-company-structure-chart-01-480w.webp 480w, /images/affiliation/skz-mining-company-structure-chart-01-768w.webp 768w, /images/affiliation/skz-mining-company-structure-chart-01-1024w.webp 1024w","/images/affiliation/skz-mining-company-structure-chart-01-480w.avif 480w, /images/affiliation/skz-mining-company-structure-chart-01-768w.avif 768w, /images/affiliation/skz-mining-company-structure-chart-01-1024w.avif 1024w","Organisation chart linking Shokozan Japan to Afghan Talc (mining sites Agam and Khogyani, Jalalabad processing plant) and SKZ Company (Peshawar meshing and storage, Karachi sorting and packing).",,lazy,,,
affiliation,supply-chain,supply-chain-1,A305,talc-supply-chain-diagram-01.png,original,623,399,/images/affiliation/talc-supply-chain-diagram-01-623w.webp,"/images/affiliation/talc-supply-chain-diagram-01-480w.webp 480w, /images/affiliation/talc-supply-chain-diagram-01-623w.webp 623w","/images/affiliation/talc-supply-chain-diagram-01-480w.avif 480w, /images/affiliation/talc-supply-chain-diagram-01-623w.avif 623w","Flow diagram: Afghan talc from open mining to the Morga stock area, Jalalabad factory and Torkham border, alongside Pakistani talc from open and tunnel mining to a stock area.",,lazy,,,
affiliation,supply-chain,supply-chain-2,A306,talc-supply-chain-diagram-02.png,original,403,320,/images/affiliation/talc-supply-chain-diagram-02-403w.webp,/images/affiliation/talc-supply-chain-diagram-02-403w.webp 403w,/images/affiliation/talc-supply-chain-diagram-02-403w.avif 403w,"Flow diagram: Peshawar warehouse for stock and segregation, then Karachi warehouse for packing and exporting.",,lazy,,,
sustainability,hero,sustainability-hero,A105,mine-site-01.jpg,card-4x3,709,532,/images/home/mine-site-01-card-4x3-709w.webp,"/images/home/mine-site-01-card-4x3-480w.webp 480w, /images/home/mine-site-01-card-4x3-709w.webp 709w","/images/home/mine-site-01-card-4x3-480w.avif 480w, /images/home/mine-site-01-card-4x3-709w.avif 709w","Hillside mine site with waste dumps, a chute and a small shed among green vegetation.",,lazy,,sustainability-teaser,
global,header,logo-horizontal,A122,paktalc-logo-horizontal-01.png,original,4213,905,/images/brand/paktalc-logo-horizontal-01.png,/images/brand/paktalc-logo-horizontal-01.webp,,"PakTalc logo: Talc Extraction, Processing, Export & Import.",,lazy,,,
global,header,logo-stacked,A123,paktalc-logo-stacked-01.png,original,1975,1599,/images/brand/paktalc-logo-stacked-01.png,/images/brand/paktalc-logo-stacked-01.webp,,"PakTalc logo, stacked version.",,lazy,,,
global,header,logo-icon,A124,paktalc-logo-icon-01.png,original,1954,905,/images/brand/paktalc-logo-icon-01.png,/images/brand/paktalc-logo-icon-01.webp,,PakTalc crystal logo icon.,,lazy,,,
global,favicon,favicon,A264,paktalc-favicon-01.png,original,512,512,/images/brand/paktalc-favicon-01.png,/images/brand/paktalc-favicon-01.webp,,PakTalc icon.,,lazy,,,
global,favicon,favicon-icon,A265,paktalc-favicon-icon-01.png,original,512,512,/images/brand/paktalc-favicon-icon-01.png,/images/brand/paktalc-favicon-icon-01.webp,,PakTalc crystal icon.,,lazy,,,
affiliation,parent-brand,skz-logo,A095,skz-mining-logo-horizontal-01.png,original,309,93,/images/brand/skz-mining-logo-horizontal-01.png,/images/brand/skz-mining-logo-horizontal-01.webp,,SKZ Mining Company logo.,,lazy,,,
affiliation,parent-brand,skz-logo-white,A094,skz-mining-logo-horizontal-white-01.png,original,309,93,/images/brand/skz-mining-logo-horizontal-white-01.png,/images/brand/skz-mining-logo-horizontal-white-01.webp,,SKZ Mining Company logo in white.,,lazy,,,
gallery,grid,gallery-01,A088,talc-lumps-stockpile-05.jpg,gallery,1440,1080,/images/gallery/talc-lumps-stockpile-05-1440w.webp,"/images/gallery/talc-lumps-stockpile-05-480w.webp 480w, /images/gallery/talc-lumps-stockpile-05-768w.webp 768w, /images/gallery/talc-lumps-stockpile-05-1024w.webp 1024w, /images/gallery/talc-lumps-stockpile-05-1440w.webp 1440w","/images/gallery/talc-lumps-stockpile-05-480w.avif 480w, /images/gallery/talc-lumps-stockpile-05-768w.avif 768w, /images/gallery/talc-lumps-stockpile-05-1024w.avif 1024w, /images/gallery/talc-lumps-stockpile-05-1440w.avif 1440w",Two men standing in a yard of white talc lump stockpiles.,,lazy,,,people - consent
gallery,grid,gallery-02,A141,talc-lumps-close-up-07.jpg,gallery,1440,1080,/images/gallery/talc-lumps-close-up-07-1440w.webp,"/images/gallery/talc-lumps-close-up-07-480w.webp 480w, /images/gallery/talc-lumps-close-up-07-768w.webp 768w, /images/gallery/talc-lumps-close-up-07-1024w.webp 1024w, /images/gallery/talc-lumps-close-up-07-1440w.webp 1440w","/images/gallery/talc-lumps-close-up-07-480w.avif 480w, /images/gallery/talc-lumps-close-up-07-768w.avif 768w, /images/gallery/talc-lumps-close-up-07-1024w.avif 1024w, /images/gallery/talc-lumps-close-up-07-1440w.avif 1440w",Soft-focus close-up of white talc lumps.,,lazy,,,
gallery,grid,gallery-03,A054,talc-lumps-stockpile-03.jpg,gallery,720,1280,/images/gallery/talc-lumps-stockpile-03-720w.webp,"/images/gallery/talc-lumps-stockpile-03-480w.webp 480w, /images/gallery/talc-lumps-stockpile-03-720w.webp 720w","/images/gallery/talc-lumps-stockpile-03-480w.avif 480w, /images/gallery/talc-lumps-stockpile-03-720w.avif 720w",Heap of crushed white talc lumps.,,lazy,,,
gallery,grid,gallery-04,A067,talc-lumps-stockpile-04.jpg,gallery,1024,680,/images/gallery/talc-lumps-stockpile-04-1024w.webp,"/images/gallery/talc-lumps-stockpile-04-480w.webp 480w, /images/gallery/talc-lumps-stockpile-04-768w.webp 768w, /images/gallery/talc-lumps-stockpile-04-1024w.webp 1024w","/images/gallery/talc-lumps-stockpile-04-480w.avif 480w, /images/gallery/talc-lumps-stockpile-04-768w.avif 768w, /images/gallery/talc-lumps-stockpile-04-1024w.avif 1024w",Man holding a large white talc lump on top of a talc stockpile.,,lazy,,,people - consent
gallery,grid,gallery-05,A243,talc-lumps-hand-sorting-03.png,gallery,480,576,/images/gallery/talc-lumps-hand-sorting-03-480w.webp,/images/gallery/talc-lumps-hand-sorting-03-480w.webp 480w,/images/gallery/talc-lumps-hand-sorting-03-480w.avif 480w,Workers in hard hats hand-sorting a pile of white talc lumps near a plant building.,,lazy,,,people - consent
gallery,grid,gallery-06,A262,talc-lumps-hand-sorting-04.png,gallery,600,529,/images/gallery/talc-lumps-hand-sorting-04-600w.webp,"/images/gallery/talc-lumps-hand-sorting-04-480w.webp 480w, /images/gallery/talc-lumps-hand-sorting-04-600w.webp 600w","/images/gallery/talc-lumps-hand-sorting-04-480w.avif 480w, /images/gallery/talc-lumps-hand-sorting-04-600w.avif 600w",Men sorting white talc lumps in a walled yard beside bulk bags.,,lazy,,,people - consent
gallery,grid,gallery-07,A267,talc-lumps-hand-sorting-05.png,gallery,480,270,/images/gallery/talc-lumps-hand-sorting-05-480w.webp,/images/gallery/talc-lumps-hand-sorting-05-480w.webp 480w,/images/gallery/talc-lumps-hand-sorting-05-480w.avif 480w,Workers in safety vests sorting white talc lumps between large stockpiles and bulk bags.,,lazy,,,people - consent
gallery,grid,gallery-08,A075,talc-crushing-screening-conveyor-02.jpg,gallery,1000,600,/images/gallery/talc-crushing-screening-conveyor-02-1000w.webp,"/images/gallery/talc-crushing-screening-conveyor-02-480w.webp 480w, /images/gallery/talc-crushing-screening-conveyor-02-768w.webp 768w, /images/gallery/talc-crushing-screening-conveyor-02-1000w.webp 1000w","/images/gallery/talc-crushing-screening-conveyor-02-480w.avif 480w, /images/gallery/talc-crushing-screening-conveyor-02-768w.avif 768w, /images/gallery/talc-crushing-screening-conveyor-02-1000w.avif 1000w","Conveyor stacker discharging crushed white talc onto a stockpile, with a worker in the foreground.",,lazy,,,people - consent
gallery,grid,gallery-09,A318,talc-crushing-screening-conveyor-03.jpg,gallery,960,540,/images/gallery/talc-crushing-screening-conveyor-03-960w.webp,"/images/gallery/talc-crushing-screening-conveyor-03-480w.webp 480w, /images/gallery/talc-crushing-screening-conveyor-03-768w.webp 768w, /images/gallery/talc-crushing-screening-conveyor-03-960w.webp 960w","/images/gallery/talc-crushing-screening-conveyor-03-480w.avif 480w, /images/gallery/talc-crushing-screening-conveyor-03-768w.avif 768w, /images/gallery/talc-crushing-screening-conveyor-03-960w.avif 960w","Screening plant with conveyors and white talc stockpiles, workers shovelling in the foreground.",,lazy,,,people - consent
gallery,grid,gallery-10,A039,mine-excavation-site-01.jpg,gallery,1440,1080,/images/gallery/mine-excavation-site-01-1440w.webp,"/images/gallery/mine-excavation-site-01-480w.webp 480w, /images/gallery/mine-excavation-site-01-768w.webp 768w, /images/gallery/mine-excavation-site-01-1024w.webp 1024w, /images/gallery/mine-excavation-site-01-1440w.webp 1440w","/images/gallery/mine-excavation-site-01-480w.avif 480w, /images/gallery/mine-excavation-site-01-768w.avif 768w, /images/gallery/mine-excavation-site-01-1024w.avif 1024w, /images/gallery/mine-excavation-site-01-1440w.avif 1440w",Wide view of an excavation site with workers and trucks on bare ground.,,lazy,,,people - consent
gallery,grid,gallery-11,A119,underground-mine-03.jpg,gallery,1440,960,/images/gallery/underground-mine-03-1440w.webp,"/images/gallery/underground-mine-03-480w.webp 480w, /images/gallery/underground-mine-03-768w.webp 768w, /images/gallery/underground-mine-03-1024w.webp 1024w, /images/gallery/underground-mine-03-1440w.webp 1440w","/images/gallery/underground-mine-03-480w.avif 480w, /images/gallery/underground-mine-03-768w.avif 768w, /images/gallery/underground-mine-03-1024w.avif 1024w, /images/gallery/underground-mine-03-1440w.avif 1440w",Broken white rock inside a dimly lit underground chamber.,,lazy,,,
gallery,grid,gallery-12,A138,underground-mine-inspection-02.jpg,gallery,1440,1080,/images/gallery/underground-mine-inspection-02-1440w.webp,"/images/gallery/underground-mine-inspection-02-480w.webp 480w, /images/gallery/underground-mine-inspection-02-768w.webp 768w, /images/gallery/underground-mine-inspection-02-1024w.webp 1024w, /images/gallery/underground-mine-inspection-02-1440w.webp 1440w","/images/gallery/underground-mine-inspection-02-480w.avif 480w, /images/gallery/underground-mine-inspection-02-768w.avif 768w, /images/gallery/underground-mine-inspection-02-1024w.avif 1024w, /images/gallery/underground-mine-inspection-02-1440w.avif 1440w",Men inspecting the walls of a pale rock adit.,,lazy,,,people - consent
gallery,grid,gallery-13,A296,mine-site-03.png,gallery,731,573,/images/gallery/mine-site-03-731w.webp,"/images/gallery/mine-site-03-480w.webp 480w, /images/gallery/mine-site-03-731w.webp 731w","/images/gallery/mine-site-03-480w.avif 480w, /images/gallery/mine-site-03-731w.avif 731w",Men standing on white mineral dumps on a green hillside with wheelbarrows.,,lazy,,,people - consent
gallery,grid,gallery-14,A253,mine-site-02.png,gallery,480,576,/images/gallery/mine-site-02-480w.webp,/images/gallery/mine-site-02-480w.webp 480w,/images/gallery/mine-site-02-480w.avif 480w,"Hilltop mine site with a winch, wheelbarrows and visitors, green hills behind.",,lazy,,,people - consent
gallery,grid,gallery-15,A066,site-visit-01.jpg,gallery,1440,1920,/images/gallery/site-visit-01-1440w.webp,"/images/gallery/site-visit-01-480w.webp 480w, /images/gallery/site-visit-01-768w.webp 768w, /images/gallery/site-visit-01-1024w.webp 1024w, /images/gallery/site-visit-01-1440w.webp 1440w","/images/gallery/site-visit-01-480w.avif 480w, /images/gallery/site-visit-01-768w.avif 768w, /images/gallery/site-visit-01-1024w.avif 1024w, /images/gallery/site-visit-01-1440w.avif 1440w",Three men standing beside a white rock outcrop on a hillside road with a parked vehicle.,,lazy,,,people - consent
gallery,grid,gallery-16,A065,jumbo-bags-container-loading-03.jpg,gallery,900,1600,/images/gallery/jumbo-bags-container-loading-03-900w.webp,"/images/gallery/jumbo-bags-container-loading-03-480w.webp 480w, /images/gallery/jumbo-bags-container-loading-03-768w.webp 768w, /images/gallery/jumbo-bags-container-loading-03-900w.webp 900w","/images/gallery/jumbo-bags-container-loading-03-480w.avif 480w, /images/gallery/jumbo-bags-container-loading-03-768w.avif 768w, /images/gallery/jumbo-bags-container-loading-03-900w.avif 900w",Decorated Pakistani truck carrying a pink shipping container filled with jumbo bags.,Loaded container leaving the yard by road.,lazy,,,
gallery,grid,gallery-17,A106,jumbo-bags-container-loading-04.jpg,gallery,720,1280,/images/gallery/jumbo-bags-container-loading-04-720w.webp,"/images/gallery/jumbo-bags-container-loading-04-480w.webp 480w, /images/gallery/jumbo-bags-container-loading-04-720w.webp 720w","/images/gallery/jumbo-bags-container-loading-04-480w.avif 480w, /images/gallery/jumbo-bags-container-loading-04-720w.avif 720w",Blue shipping container with white jumbo bags loaded inside.,,lazy,,,
gallery,grid,gallery-18,A256,jumbo-bags-container-loading-05.jpg,gallery,896,1072,/images/gallery/jumbo-bags-container-loading-05-896w.webp,"/images/gallery/jumbo-bags-container-loading-05-480w.webp 480w, /images/gallery/jumbo-bags-container-loading-05-768w.webp 768w, /images/gallery/jumbo-bags-container-loading-05-896w.webp 896w","/images/gallery/jumbo-bags-container-loading-05-480w.avif 480w, /images/gallery/jumbo-bags-container-loading-05-768w.avif 768w, /images/gallery/jumbo-bags-container-loading-05-896w.avif 896w",Two white jumbo bags loaded in a shipping container.,,lazy,,,
gallery,grid,gallery-19,A216,jumbo-bags-handling-loader-01.jpg,gallery,480,576,/images/gallery/jumbo-bags-handling-loader-01-480w.webp,/images/gallery/jumbo-bags-handling-loader-01-480w.webp 480w,/images/gallery/jumbo-bags-handling-loader-01-480w.avif 480w,Skid-steer loader lifting white jumbo bags beside a brick wall.,,lazy,,,
gallery,grid,gallery-20,A207,cyclone-separator-01.jpg,gallery,480,576,/images/gallery/cyclone-separator-01-480w.webp,/images/gallery/cyclone-separator-01-480w.webp 480w,/images/gallery/cyclone-separator-01-480w.avif 480w,Teal cyclone separator installed in a processing shed.,,lazy,,,
gallery,grid,gallery-21,A218,cyclone-separator-02.jpg,gallery,480,576,/images/gallery/cyclone-separator-02-480w.webp,/images/gallery/cyclone-separator-02-480w.webp 480w,/images/gallery/cyclone-separator-02-480w.avif 480w,Two teal cyclone separators in a processing shed.,,lazy,,,
gallery,grid,gallery-22,A223,grinding-mill-03.jpg,gallery,480,576,/images/gallery/grinding-mill-03-480w.webp,/images/gallery/grinding-mill-03-480w.webp 480w,/images/gallery/grinding-mill-03-480w.avif 480w,Three men inspecting a mill and cyclone assembly in a processing shed.,,lazy,,,people - consent
gallery,grid,gallery-23,A231,processing-plant-machinery-01.png,gallery,480,576,/images/gallery/processing-plant-machinery-01-480w.webp,/images/gallery/processing-plant-machinery-01-480w.webp 480w,/images/gallery/processing-plant-machinery-01-480w.avif 480w,Machinery on a processing plant floor.,,lazy,,,
gallery,grid,gallery-24,A234,processing-plant-machinery-02.png,gallery,480,576,/images/gallery/processing-plant-machinery-02-480w.webp,/images/gallery/processing-plant-machinery-02-480w.webp 480w,/images/gallery/processing-plant-machinery-02-480w.avif 480w,Industrial machinery in a large processing plant.,,lazy,,,
gallery,grid,gallery-25,A208,processing-equipment-01.jpg,gallery,480,576,/images/gallery/processing-equipment-01-480w.webp,/images/gallery/processing-equipment-01-480w.webp 480w,/images/gallery/processing-equipment-01-480w.avif 480w,Teal duct and filter column beside bagged product in a processing shed.,,lazy,,,
gallery,grid,gallery-26,A220,technical-team-stockyard-01.jpg,gallery,480,576,/images/gallery/technical-team-stockyard-01-480w.webp,/images/gallery/technical-team-stockyard-01-480w.webp 480w,/images/gallery/technical-team-stockyard-01-480w.avif 480w,Two men standing in a yard of filled jumbo bags.,,lazy,,,people - consent
gallery,grid,gallery-27,A258,japanese-expert-field-visit-02.jpg,gallery,618,1080,/images/gallery/japanese-expert-field-visit-02-618w.webp,"/images/gallery/japanese-expert-field-visit-02-480w.webp 480w, /images/gallery/japanese-expert-field-visit-02-618w.webp 618w","/images/gallery/japanese-expert-field-visit-02-480w.avif 480w, /images/gallery/japanese-expert-field-visit-02-618w.avif 618w",Japanese technical expert standing beside a small adit entrance in a rock face.,,lazy,,,people - consent
